No,Title,Inventors,Applicants,Publication number,Earliest priority,IPC,CPC,Publication date,Earliest publication,Family number,first publication date,second publication date,first publication number,second publication number,first publication country,second publication country,first filing year,earliest priority year,applicant country,family_jurisdictions,family_members,IPC_Meaning,fields,first applicant,second applicant,first applicant type,second applicant type,Patent Age,patent cost,citation_numbers,citations_ipc
46,Switching of workloads according to switchover cost,"MINEHAN KRISTY-LEIGH A [US] 
BALAKRISHNAN GANESH [US] 
ADAMS EVAN [US] 
CORTEZ CARLA [US] 
FERREIRA IAN [US]",CORE SCIENT INC [US],US12112208B1,2020-07-22,"['G06F11/30', 'G06F9/50', 'G06N20/00', 'G06Q20/06', 'G06Q20/38']","['G06F11/3006 (US)', 'G06F11/3062 (US)', 'G06F9/505 (US)', 'G06F9/5077 (US)', 'G06N20/00 (EP,US)', 'G06Q20/0655 (US)', 'G06Q20/381 (US)', 'G06Q40/04 (EP)', 'G06F2209/5022 (US)', 'G06F2209/505 (US)', 'G06F2209/508 (US)', 'G06Q2220/00 (EP,US)']",2024-10-08,2024-10-08,92936124,2024-10-08,,US12112208B1,,US,,2024,2020,US,['US'],['US12112208B1'],COMPUTING CALCULATING OR COUNTING,"['Computer Science', 'Mathematics']",CORE SCIENT INC [US],,Company - Incorporated/Corporation,Unknown,5,28000,['US2020364682A1'],"['G06Q20', 'G06Q20', 'H04L9']"
24,CRYPTOCURRENCY MINING SELECTION SYSTEM AND METHOD,"PELLINI RUDÁ FARIAS FORMOLO [BR] 
CARDOSO REGIS ADAIR VARGAS [BR] 
ROSA FELIPE EDUARDO [BR] 
MORAIS IGOR ALEXANDRE CLEMENTE DE [BR] 
RIBEIRO CLEVERTON CARLOS [BR]",WT DATA MINING AND SCIENCE CORP [US],"US11699183B2 
US2020342531A1",2018-08-21,"['G06F16/23', 'G06N20/00', 'G06Q10/04', 'G06Q20/06', 'G06Q20/36', 'G06Q40/04']","['G06F16/2315 (US)', 'G06N20/00 (US)', 'G06Q10/04 (US)', 'G06Q20/02 (EP)', 'G06Q20/065 (EP)', 'G06Q20/0655 (US)', 'G06Q20/223 (EP)', 'G06Q20/3672 (US)', 'G06Q20/3825 (EP)', 'G06Q20/3827 (EP)', 'G06Q40/04 (US)', 'G06Q40/06 (EP)', 'H04L9/50 (EP)', 'G06Q2220/00 (US)', 'H04L2209/56 (EP)']","2020-10-29 
2023-07-11",2020-02-27,69591331,2020-10-29,2023-07-11,US11699183B2,"
US2020342531A1",US,"
",2020,2018,US,"['EP', 'US', 'WO']","['EP3841548A1', 'EP3841548A4', 'US11699183B2', 'US2020342531A1', 'US2024005399A1', 'WO2020041477A1']",COMPUTING CALCULATING OR COUNTING,"['Computer Science', 'Mathematics']",WT DATA MINING AND SCIENCE CORP [US],,Company - General,Unknown,7,28000,"['US2014201057A1', 'US2016110657A1', 'US2018225611A1']","['G06Q40', 'G06Q20', 'G06N20', 'G06F17', 'G06Q10']"
36,"Devices, Systems, and Methods for Securing and Transacting Cryptocurrency Assets","SADRIZADEH SEYED PARHAM [US] 
GHANAVATI ALIREZA [US] 
MANSOURIGHASRI AMIRHOSSEIN [US]",XEEDA INC [US],"US11615382B2 
US2019251524A1",2017-12-30,"['G06Q20/06', 'G06Q20/38', 'G06Q20/40', 'H04L9/30']","['G06Q20/065 (EP,US)', 'G06Q20/3829 (US)', 'G06Q20/389 (US)', 'G06Q20/401 (EP,US)', 'H04L9/30 (US)', 'H04L9/3239 (EP)', 'H04L9/50 (EP)', 'G06Q2220/00 (EP,US)', 'H04L2209/56 (EP,US)']","2019-08-15 
2023-03-28",2019-08-15,67541855,2019-08-15,2023-03-28,US11615382B2,"
US2019251524A1",US,"
",2019,2017,US,['US'],"['US11615382B2', 'US2019251524A1', 'US2019325408A1']",COMPUTING CALCULATING OR COUNTING,"['Computer Science', 'Mathematics']",XEEDA INC [US],,Company - Incorporated/Corporation,Unknown,8,28000,"['US2016261411A1', 'US2018004931A1', 'US2018301925A1', 'US2019012663A1', 'US2017352012A1', 'US2019121988A1', 'US2019197378A1', 'US10354325B1', 'US2019349201A1', 'US2020065799A1']","['H04L9', 'G06F9', 'H04L9', 'H04L29', 'G06F21', 'G06F12', 'H02J7', 'H02J50', 'G06Q20', 'G06Q20', 'G06Q20', 'G06Q20', 'G06F21', 'H04L9', 'H04L9', 'G06K19', 'G06Q20', 'H04L9', 'H04L9', 'G06Q40', 'H04L9', 'H04L9', 'G06Q20', 'A45C1', 'G06Q20']"
27,Risk Analysis System for Cold Restore Requests for Digital Wallets,"YU DON [US] 
DE OCA ZASSMIN MONTES [US] 
ISLAM SHAMIQ [US] 
GONZALES EDDIE [US] 
NG TK [US] 
MULLER MATTHEW [US] 
RICE CASSANDRA [US] 
HODAPP PAUL [US]",COINBASE INC [US],US2023237571A1,2022-01-24,"['G06N20/00', 'G06Q20/36', 'G06Q40/02']","['G06N20/00 (EP,US)', 'G06N3/084 (EP)', 'G06N5/01 (EP)', 'G06Q20/065 (EP)', 'G06Q20/3678 (EP,US)', 'G06Q20/4016 (EP)', 'G06Q40/03 (US)', 'H04L9/50 (EP)', 'G06Q2220/00 (EP,US)', 'H04L2209/56 (EP)']",2023-07-27,2023-07-27,87314368,2023-07-27,,US2023237571A1,,US,,2023,2022,US,['US'],['US2023237571A1'],COMPUTING CALCULATING OR COUNTING,"['Computer Science', 'Mathematics']",COINBASE INC [US],,Company - Incorporated/Corporation,Unknown,3,16500,"['US10373158B1', 'US2020184431A1', 'US2022067738A1', 'US2023066272A1', 'US11756031B1']","['G06Q20', 'G06Q20', 'G06Q20', 'H04L9', 'G06Q20', 'G06Q20', 'G06Q40', 'H04L9', 'G06N20', 'G06Q20', 'G06Q20', 'G06Q20', 'G06Q20', 'G06Q20', 'G06Q20', 'H04L9', 'H04L9']"
12,METHOD AND SYSTEM FOR RECONCILING THE EXCHANGE OF CRYPTOCURRENCIES UTILIZING BLOCKCHAIN,POSTREL RICHARD [US],POSTREL RICHARD [US],US2019236698A1,2018-01-26,"['G06Q20/40', 'G06Q40/04', 'H04L9/06']","['G06Q20/065 (EP)', 'G06Q20/4016 (US)', 'G06Q40/04 (EP,US)', 'H04L9/0643 (US)', 'H04L9/3239 (EP,US)', 'H04L9/50 (EP)', 'G06Q2220/00 (EP)', 'H04L2209/56 (EP,US)', 'H04L9/50 (US)']",2019-08-01,2019-08-01,67393637,2019-08-01,,US2019236698A1,,US,,2019,2018,US,['US'],['US2019236698A1'],COMPUTING CALCULATING OR COUNTING,"['Computer Science', 'Mathematics']",POSTREL RICHARD [US],,Individual Inventor,Unknown,7,28000,"['US2017132636A1', 'US2019012660A1', 'US2019057362A1']","['G06Q20', 'G06Q30', 'G06T11', 'G06Q20', 'G06Q20', 'G06Q20', 'H04L29', 'G06Q20', 'G06Q20', 'H04L9', 'H04L9', 'H04L9']"
14,PROCÉDÉ ET DISPOSITIF POUR LA SÉCURISATION D'ACCÈS À DES PORTEFEUILLES DANS LESQUELS SONT CONSIGNÉES DES CRYPTO-MONNAIES,JUNG GANESH [DE],DRAGLET GMBH [DE],WO2016008659A1,2014-07-17,['G06Q20/36'],"['G06Q20/0655 (EP,CN,US)', 'G06Q20/36 (EP,CN,US)', 'G06Q20/3674 (US)', 'G06Q20/3678 (EP,CN,US)', 'G06Q20/3829 (US)']",2016-01-21,2016-01-20,51205303,2016-01-21,,WO2016008659A1,,WO,,2016,2014,DE,"['CN', 'EP', 'US', 'WO']","['CN106537432A', 'EP2975570A1', 'US2017185998A1', 'WO2016008659A1']",COMPUTING CALCULATING OR COUNTING,"['Computer Science', 'Mathematics']",DRAGLET GMBH [DE],,Company - General,Unknown,11,21000,"['US2012296741A1', 'CN103927656A']","['G06Q20', 'G06Q30', 'G06Q20', 'G06Q20']"
47,"DISPOSITIF DE TRAITEMENT D'INFORMATIONS, PROCÉDÉ DE TRAITEMENT D'INFORMATIONS ET PROGRAMME","TAKAHASHI KAZUMA [JP] 
SUZUKI TAKUMA [JP]",SONY GROUP CORP [JP],WO2023181896A1,2022-03-25,"['G06Q20/06', 'G06Q30/0201']","['G06Q20/06 (EP)', 'G06Q30/0201 (EP)']",2023-09-28,2023-09-28,88100735,2023-09-28,,WO2023181896A1,,WO,,2023,2022,JP,['WO'],['WO2023181896A1'],COMPUTING CALCULATING OR COUNTING,"['Computer Science', 'Mathematics']",SONY GROUP CORP [JP],,Company - General,Unknown,3,11800,"['JP2016024682A', 'JP2019022072A', 'JP2021022160A', 'WO2021210113A1']","['G06Q30', 'G06Q30', 'G06F13', 'H04N21', 'H04N21', 'H04N21', 'A63F13', 'A63F13', 'A63F13', 'G06F13', 'G06Q20', 'G06Q50', 'H04N7']"
41,Cryptocurrency management method,JUNG HYUN KOOK [KR],JUNG HYUN KOOK [KR],KR20200104711A,2019-02-27,"['G06Q10/06', 'G06Q20/06', 'G06Q20/12', 'G06Q20/36']","['G06Q10/067 (KR)', 'G06Q20/065 (KR)', 'G06Q20/123 (KR)', 'G06Q20/36 (KR)']",2020-09-04,2020-09-04,72471204,2020-09-04,,KR20200104711A,,KR,,2020,2019,KR,['KR'],['KR20200104711A'],COMPUTING CALCULATING OR COUNTING,"['Computer Science', 'Mathematics']",JUNG HYUN KOOK [KR],,Individual Inventor,Unknown,6,16500,['KR20180126896A'],"['G06Q10', 'G06Q20', 'G06Q30']"
18,"Interactive cryptocurrency card for payment and collection management, as well as recharge via app/dapp or without it (Machine-translation by Google Translate, not legally binding)",GARCIA RUIZ ANTONIO FRANCISCO [ES],"GARCIA RUIZ ANTONIO FRANCISCO [ES] 
SANCHEZ GARCIA RAFAEL [ES] 
GARCIA ANTUNA ISAIAS [ES]",ES2734599A1,2018-06-06,['G06Q20/00'],['G06Q20/00 (ES)'],2019-12-10,2019-12-10,68763547,2019-12-10,,ES2734599A1,,ES,,2019,2018,ES,['ES'],['ES2734599A1'],COMPUTING CALCULATING OR COUNTING,"['Computer Science', 'Mathematics']","GARCIA RUIZ ANTONIO FRANCISCO [ES] ","SANCHEZ GARCIA RAFAEL [ES] 
GARCIA ANTUNA ISAIAS [ES]",Company - General,Individual Inventor,7,11400,"['US2015170112A1', 'WO2011113121A1', 'CA2843034A1', 'US2014279546A1', 'US2012123937A1']","['G06Q20', 'G06Q20', 'G06Q20', 'G06Q20', 'G06Q40', 'H04W4', 'G06Q40', 'G06K19', 'G06Q20', 'G06Q30', 'G06Q30', 'G07F19', 'G06Q20', 'H04B5', 'H04W4', 'G06Q40']"
1,METHOD FOR TRADING CRYPTOCURRENCIES,"FRIESEN VIKTOR [DE] 
KOLLER MICHA [DE] 
REHBORN HUBERT [DE]",DAIMLER AG [DE],US2022277392A1,2019-07-23,['G06Q40/04'],"['G06Q20/308 (EP)', 'G06Q20/322 (EP)', 'G06Q20/36 (EP)', 'G06Q20/38215 (CN)', 'G06Q20/4015 (EP)', 'G06Q20/405 (EP)', 'G06Q40/04 (CN,US)']",2022-09-01,2021-01-28,71614892,2022-09-01,,US2022277392A1,,US,,2022,2019,DE,"['CN', 'DE', 'US', 'WO']","['CN114467107A', 'DE102019005116A1', 'US2022277392A1', 'WO2021013603A1']",COMPUTING CALCULATING OR COUNTING,"['Computer Science', 'Mathematics']",DAIMLER AG [DE],,Company - General,Unknown,6,28000,"['US5687968A', 'US6098051A', 'US6272474B1', 'US6278982B1', 'US6356911B1', 'US2002147671A1', 'US2002147675A1', 'US2002194099A1', 'US2003182224A1', 'US2004024692A1', 'US6721715B2', 'US2005080703A1', 'US2005124408A1', 'US7062361B1', 'US7130789B2', 'US7315840B1', 'US2008015871A1', 'US7392213B2', 'US2009106140A1', 'US2009307149A1', 'US2010088210A1', 'US7831494B2', 'US2011119166A1', 'US8073763B1', 'US8126794B2', 'US2012239453A1', 'US2012323753A1', 'US8359260B2', 'US8417618B2', 'US2013275334A1', 'US8755943B2', 'US2014201110A1', 'US2015058261A1', 'US2015310461A1', 'US2015363866A1', 'US2016117784A1', 'US2016196521A1', 'US2017330279A1', 'US2018074523A1', 'US2019333051A1', 'US2019370760A1', 'US2020184553A1', 'US11139955B1', 'US2021344500A1', 'US2022058596A1', 'US2022172195A1', 'US2022284454A1', 'US11500571B2', 'US2023043702A1']","['A63F3', 'G06FCI', 'G06Q30', 'G06Q40', 'G06T11', 'G06F13', 'G06Q40', 'G06Q40', 'B65G61', 'G01C21', 'G01C21', 'G06F17', 'G06F19', 'G06Q10', 'G06Q50', 'G06Q50', 'G06FCI', 'G06Q40', 'G06Q30', 'G06Q40', 'G06Q40', 'H04L29', 'G06Q40', 'G06Q40', 'G06Q40', 'G06Q20', 'G06Q40', 'G06Q40', 'G06Q50', 'G07F7', 'G07F17', 'G06F19', 'G06Q20', 'G06Q40', 'G06Q40', 'G06Q40', 'G06F9', 'G06Q40', 'G06Q40', 'G06Q40', 'G06Q90', 'G06Q40', 'G06Q40', 'G06F15', 'G06FCI', 'G06Q40', 'G06Q30', 'G06Q10', 'G06Q40', 'G06FCI', 'G06F1', 'G06Q40', 'G07F7', 'H01L21', 'H01L21', 'H01L29', 'G06Q10', 'G06Q40', 'G06Q40', 'G06Q40', 'G06Q40', 'G01K11', 'G01K17', 'G05B13', 'G05B15', 'G05D23', 'G06F11', 'G06F17', 'G01R21', 'G06Q30', 'G06Q50', 'G06Q30', 'G06Q50', 'G06Q30', 'H04L12', 'H04L29', 'G06Q30', 'G06Q50', 'G01R21', 'G06Q30', 'G06Q10', 'G06Q10', 'G06Q50', 'G06Q20', 'G06Q40', 'G06Q40', 'B60L11', 'B60L15', 'B64C39', 'B64D1', 'G05D1', 'G06Q20', 'G06Q30', 'H04L9', 'G06Q20', 'G06Q20', 'G06Q40', 'G07C5', 'G07C5', 'H04L9', 'G06Q20', 'G06Q20', 'G06Q40', 'G06F21', 'G06Q20', 'G06Q20', 'G06Q20', 'G06Q40', 'H04L9', 'H04L9', 'H04L9', 'H04L9', 'H04L9', 'G06Q20', 'G06Q20', 'G06Q20', 'G06Q20', 'G06Q20', 'G06Q20', 'G06Q20', 'G06Q20', 'G06Q30', 'G06Q40', 'G06Q40', 'G06F3', 'G07C5', 'G07C5', 'H04L9', 'H04L9', 'H04L9', 'G06Q20', 'G06Q20', 'G06Q20']"
7,CRYPTOMONNAIES PHYSIQUES DOUBLES/MULTIPLES,LIEW YUN SEU [SG],LIEW YUN SEU [SG],WO2016118077A1,2015-01-23,['A44C21/00'],['A44C21/00 (EP)'],2016-07-28,2016-07-28,56417474,2016-07-28,,WO2016118077A1,,WO,,2016,2015,SG,['WO'],['WO2016118077A1'],HABERDASHERY JEWELLERY,"['Art', 'Materials Science', 'Design']",LIEW YUN SEU [SG],,Individual Inventor,Unknown,10,21000,"['JP2005193397A', 'CA2456796A1', 'JP3081673U', 'CA2366162A1']","['B42D15', 'A44C21', 'A44C21', 'G06Q20']"
26,ÉCHANGE DISTRIBUÉ,"DE FILIPPI GIOTTO [PA] 
GRANITO IVAN [IT]",CHAIN IP HOLDINGS INC [PA],WO2019224566A1,2018-05-22,"['G06F21/64', 'G06Q20/06', 'G06Q20/38', 'H04L29/06', 'H04L9/32']","['G06F21/64 (EP)', 'G06Q20/065 (EP)', 'G06Q20/381 (EP)', 'H04L63/12 (EP)', 'H04L9/3236 (EP)', 'H04L9/50 (EP)', 'G06Q2220/00 (EP)']",2019-11-28,2019-11-28,62981266,2019-11-28,,WO2019224566A1,,WO,,2019,2018,PA,['WO'],['WO2019224566A1'],COMPUTING CALCULATING OR COUNTING,"['Computer Science', 'Mathematics']",CHAIN IP HOLDINGS INC [PA],,Company - Incorporated/Corporation,Unknown,7,17000,"['US2015365283A1', 'US2016071108A1', 'US2018089761A1']","['G06Q20', 'G06Q20', 'G06Q20', 'H04L12', 'H04L12', 'H04L29', 'G06Q20', 'G06F12', 'G06Q40', 'H04L9']"
8,TOKENIZATION PLATFORM,"YANTIS JONATHAN [US] 
QUIGLEY WILLIAM EDWARD [US] 
SLIWKA LUKASZ JAKUB [US]","VERONA HOLDINGS SEZC [KY] 
VERONA HOLDING SEZC","US12223482B2 
US2022058627A1",2018-11-02,"['G06Q20/36', 'G06Q30/00', 'G06F21/60', 'G06Q20/12', 'G06Q20/32', 'G06Q20/34', 'G06Q20/38', 'G06Q20/40', 'G06Q30/018', 'G06Q20/36']","['G06F21/602 (EP,US)', 'G06F21/64 (EP)', 'G06Q20/065 (EP,IL)', 'G06Q20/123 (EP,CN,IL,US)', 'G06Q20/1235 (EP)', 'G06Q20/326 (CN,US)', 'G06Q20/342 (EP,CN,IL,US)', 'G06Q20/367 (KR)', 'G06Q20/3676 (EP)', 'G06Q20/38215 (EP,CN,IL,US)', 'G06Q20/387 (EP,CN,IL)', 'G06Q20/389 (EP)', 'G06Q20/40 (US)', 'G06Q20/4016 (EP,CN,IL)', 'G06Q20/405 (EP,CN,IL)', 'G06Q30/0185 (EP,CN,US)', 'G06Q40/03 (CN)', 'H04L9/3213 (KR)', 'H04L9/50 (EP,KR)', 'G06Q20/1235 (US)', 'G06Q20/3672 (US)', 'G06Q2220/00 (EP,IL,US)']","2022-02-24 
2025-02-11",2020-05-07,70463916,2022-02-24,2025-02-11,US12223482B2,"
US2022058627A1",US,"
",2022,2018,KY,"['AU', 'CA', 'CN', 'EP', 'IL', 'JP', 'KR', 'SG', 'US', 'WO']","['AU2019245423A1', 'AU2019372344A1', 'AU2019384566A1', 'AU2020351764A1', 'AU2022246102A1', 'CA3098150A1', 'CA3118593A1', 'CA3120857A1', 'CA3155654A1', 'CA3177552A1', 'CA3179017A1', 'CN113795369A', 'CN114096977A', 'CN114616582A', 'EP3776438A1', 'EP3776438A4', 'EP3874440A2', 'EP3874440A4', 'EP3883744A1', 'EP3883744A4', 'EP4035115A1', 'EP4035115A4', 'EP4315193A1', 'EP4315193A4', 'EP4324160A1', 'EP4420059A2', 'IL282825A', 'IL283305A', 'IL291680A', 'JP2021520010A', 'JP2022536006A', 'JP2022549951A', 'JP2022550924A', 'JP7652765B2', 'KR20210024993A', 'KR20210105362A', 'KR20210127132A', 'KR20220138367A', 'SG11202104293RA', 'SG11202105350QA', 'US11334875B2', 'US11334876B2', 'US12002024B2', 'US12045789B2', 'US12056676B2', 'US12086794B2', 'US12118527B2', 'US12147955B2', 'US12147956B2', 'US12154085B2', 'US12154086B2', 'US12154087B2', 'US12165118B2', 'US12165119B2', 'US12165120B2', 'US12198116B2', 'US12198117B2', 'US12205093B2', 'US12211020B2', 'US12223482B2', 'US12223483B2', 'US12223484B2', 'US12223485B2', 'US12223497B2', 'US12243048B2', 'US12266014B2', 'US12271876B2', 'US2019303926A1', 'US2021082044A1', 'US2021248594A1', 'US2021319428A1', 'US2021319429A1', 'US2021319430A1', 'US2021319431A1', 'US2021319432A1', 'US2021319433A1', 'US2021326845A1', 'US2021326846A1', 'US2021326847A1', 'US2021326848A1', 'US2021326849A1', 'US2021326850A1', 'US2021326851A1', 'US2021326852A1', 'US2021326853A1', 'US2021326854A1', 'US2021326855A1', 'US2021326856A1', 'US2021326857A1', 'US2021326862A1', 'US2022058624A1', 'US2022058625A1', 'US2022058626A1', 'US2022058627A1', 'US2022058628A1', 'US2022058629A1', 'US2022058630A1', 'US2022058631A1', 'US2022058632A1', 'US2022058633A1', 'US2022058634A1', 'US2022058635A1', 'US2022058636A1', 'US2022067705A1', 'US2022067706A1', 'US2022067707A1', 'US2022067708A1', 'US2022067709A1', 'US2022067710A1', 'US2022230240A1', 'US2022270080A1', 'US2022270081A1', 'US2022351186A1', 'US2022351193A1', 'US2022351194A1', 'US2022351195A1', 'US2022351286A1', 'US2022358577A1', 'US2022358578A1', 'US2022358579A1', 'US2022358580A1', 'US2022358581A1', 'US2022358582A1', 'US2022358583A1', 'US2022358584A1', 'US2022374979A1', 'US2022374980A1', 'US2022374981A1', 'US2022374982A1', 'US2023117135A1', 'US2023117430A1', 'US2023117725A1', 'US2023117801A1', 'US2023118213A1', 'US2023118717A1', 'US2023119584A1', 'US2023121779A1', 'US2023123346A1', 'US2023123865A1', 'US2023124040A1', 'US2023124608A1', 'US2023124806A1', 'US2023129494A1', 'US2023130594A1', 'US2023131603A1', 'US2023196341A1', 'US2023245101A1', 'US2023274244A1', 'US2023274245A1', 'US2024346014A1', 'US2024346087A1', 'US2024370850A1', 'US2024428306A1', 'WO2019191687A1', 'WO2020092900A2', 'WO2020092900A3', 'WO2020106991A1', 'WO2021062160A1', 'WO2022178096A1', 'WO2022204404A1', 'WO2023069689A2', 'WO2023069689A3', 'WO2023172729A1']",COMPUTING CALCULATING OR COUNTING,"['Computer Science', 'Mathematics']","VERONA HOLDINGS SEZC [KY] ",VERONA HOLDING SEZC,Company - General,Individual Inventor,7,28000,"['US2001049606A1', 'US2002073015A1', 'US2002194209A1', 'US2003055754A1', 'US2003065624A1', 'US2003220885A1', 'US2005065871A1', 'WO2005048159A1', 'US2005246193A1', 'US6970812B2', 'US2006085314A1', 'US2006224480A1', 'WO2007017874A2', 'US2007061248A1', 'US2007094721A1', 'US2007129124A1', 'US2007203852A1', 'US2007282723A1', 'US2008004969A1', 'US2008027786A1', 'US2008120240A1', 'US7389269B1', 'US2008243719A1', 'US2009063295A1', 'US2009063343A1', 'US2009192891A1', 'US2009198586A1', 'US2009234755A1', 'US2009265270A1', 'US2009283589A1', 'US2010005007A1', 'US7711647B2', 'US7747519B2', 'US7904381B1', 'US2011099099A1', 'US2011238530A1', 'US8037193B2', 'US2012005043A1', 'US2012046779A1', 'US8156019B2', 'WO2012150491A1', 'US2012290467A1', 'WO2012166790A1', 'US2012330798A1', 'US2013013471A1', 'US8360867B2', 'US2013132230A1', 'US8549416B2', 'US8589255B2', 'US2013325547A1', 'US8606673B1', 'US8712920B2', 'US2014244361A1', 'US2014289386A1', 'US2014337189A1', 'US2014351105A1', 'US2015026072A1', 'US2015039444A1', 'US2015074018A1', 'US2015088753A1', 'US2015142603A1', 'US2015170112A1', 'US9129339B2', 'WO2015150749A1', 'US2015324764A1', 'US2015332224A1', 'US2015332256A1', 'US2015363777A1', 'US2015379510A1', 'US9229987B2', 'US2016063429A1', 'US2016071206A1', 'US2016092988A1', 'US2016098723A1', 'US9373139B2', 'US9396486B2', 'US2016217436A1', 'US2016253651A1', 'US2016300234A1', 'US2016328705A1', 'US2016335609A1', 'US2016358161A1', 'US2016358184A1', 'US2017005804A1', 'US2017011460A1', 'US2017024817A1', 'US2017024818A1', 'US2017057170A1', 'US2017076366A1', 'US2017083907A1', 'US2017085545A1', 'US2017085555A1', 'US9608829B2', 'US2017091756A1', 'US2017103385A1', 'US2017103468A1', 'US2017109735A1', 'US2017109744A1', 'US2017116693A1', 'US2017132619A1', 'US2017132633A1', 'CN106682983A', 'US2017178245A1', 'US2017206522A1', 'US2017210525A1', 'US2017213265A1', 'US2017214522A1', 'US2017221029A1', 'US2017221052A1', 'US2017232300A1', 'US2017236143A1', 'US9737819B2', 'US9794797B2', 'WO2017178956A1', 'US2017345019A1', 'WO2018009973A1', 'US2018025442A1', 'WO2018020389A2', 'US2018047111A1', 'US2018048735A1', 'US2018068359A1', 'US2018075421A1', 'US2018075527A1', 'US2018078843A1', 'US2018091316A1', 'US2018094953A1', 'US2018096175A1', 'US2018114198A1', 'CN108062671A', 'US2018143995A1', 'US2018144156A1', 'US2018159838A1', 'US9996983B2', 'US2018165612A1', 'US2018178962A1', 'US2018191503A1', 'US2018198617A1', 'US2018211313A1', 'CN108335206A', 'US2018218176A1', 'US2018218469A1', 'US10043174B1', 'WO2018154489A1', 'CA3055829A1', 'WO2018165472A1', 'WO2018189658A1', 'CN108711040A', 'US10116830B2', 'US10121143B1', 'CN108768666A', 'US2018322597A1', 'US2018330212A1', 'WO2018209148A1', 'US2018343128A1', 'US2018349485A1', 'US2018349893A1', 'US2018349938A1', 'US2018365764A1', 'US2019012660A1', 'JP2019004463A', 'US2019019144A1', 'US2019026711A1', 'US2019028276A1', 'US10192073B2', 'US10192198B2', 'US2019043138A1', 'US2019044917A1', 'US10210453B2', 'US10210527B2', 'US2019080392A1', 'US2019080398A1', 'US2019080402A1', 'US2019081789A1', 'US2019087893A1', 'US10243743B1', 'US2019114609A1', 'US2019114706A1', 'US2019114707A1', 'US2019130387A1', 'US2019130399A1', 'US2019130483A1', 'US2019130484A1', 'US2019130506A1', 'US2019130701A1', 'US2019156938A1', 'US2019158289A1', 'US2019164151A1', 'US2019164221A1', 'JP2019083013A', 'WO2019104250A1', 'US2019173854A1', 'US2019213564A1', 'US2019220813A1', 'US2019220836A1', 'US2019222418A1', 'US2019228409A1', 'US2019228461A1', 'US2019236594A1', 'WO2019144234A1', 'US10373158B1', 'US2019251078A1', 'CN110135819A', 'US2019266661A1', 'KR20190101625A', 'US2019272591A1', 'WO2019169374A1', 'US2019279204A1', 'US2019279215A1', 'EP3540662A1', 'US2019287100A1', 'US2019287175A1', 'JP2019160312A', 'GB2572339A', 'US2019299105A1', 'US2019303892A1', 'US2019303926A1', 'WO2019191687A1', 'US2019318425A1', 'US2019333030A1', 'US2019333142A1', 'US2019340609A1', 'US10482533B2', 'US10489768B2', 'US2019370792A1', 'US10505726B1', 'US10506070B2', 'US2019385156A1', 'US2019385229A1', 'US2019392511A1', 'US2019392536A1', 'US2020005284A1', 'US2020013053A1', 'US10540654B1', 'US2020034457A1', 'US2020038761A1', 'US2020042989A1', 'US2020065847A1', 'US2020065899A1', 'US2020074429A1', 'CN110860090A', 'US2020097950A1', 'KR102100457B1', 'US2020119905A1', 'US2020133944A1', 'US2020134139A1', 'CA3118593A1', 'WO2020092900A2', 'US10657595B2', 'US2020184041A1', 'US2020184547A1', 'WO2020123464A1', 'US2020219150A1', 'US2020242105A1', 'US2020250590A1', 'US2020250657A1', 'US2020250752A1', 'US10755263B1', 'US2020273048A1', 'US2020279249A1', 'US2020294011A1', 'CA3038090A1', 'WO2020198409A1', 'US2020320518A1', 'US2020334668A1', 'US2020349536A1', 'US10832338B1', 'US2020356991A1', 'US10839379B2', 'WO2020232012A1', 'US2020380090A1', 'US2020394652A1', 'US2020402025A1', 'US10896412B2', 'US2021065293A1', 'WO2021046494A1', 'US10946283B1', 'US2021082044A1', 'WO2021054989A1', 'US10963958B1', 'US2021097508A1', 'US2021103984A1', 'US2021110469A1', 'US2021126794A1', 'US2021133708A1', 'US2021133713A1', 'US2021192473A1', 'US11049082B2', 'US2021201336A1', 'US2021201625A1', 'US11055279B2', 'US11068978B1', 'US11075891B1', 'US2021248214A1', 'US2021248594A1', 'US2021248653A1', 'US2021256070A1', 'US2021266167A1', 'US2021279305A1', 'US2021279695A1', 'US2021281410A1', 'US11139955B1', 'US2021312545A1', 'US2021319430A1', 'US2021326848A1', 'US2021326849A1', 'US2021326850A1', 'US2021342836A1', 'US11176620B1', 'US2021365909A1', 'US2021382966A1', 'US2021383379A1', 'US11200569B1', 'US2022005023A1', 'US11222298B2', 'US11250111B2', 'US11256788B2', 'US2022058625A1', 'US2022067705A1', 'US2022067706A1', 'US2022067707A1', 'US2022067708A1', 'US2022084368A1', 'US11288736B1', 'US11308487B1', 'US2022122050A1', 'US2022122062A1', 'US11321308B2', 'US11334883B1', 'US2022172201A1', 'US2022172284A1', 'US2022173893A1', 'CN114616582A', 'US2022210061A1', 'US2022215075A1', 'US2022215076A1', 'US2022215469A1', 'US2022230240A1', 'US2022233959A1', 'US2022245608A1', 'US2022253834A1', 'US2022261882A1', 'US2022277275A1', 'US2022300926A1', 'US2022327529A1', 'WO2022224585A1', 'US11488059B2', 'US11500972B2', 'US2022374888A1', 'US11522700B1', 'US11538002B2', 'US11552799B1', 'US11556620B2', 'US11557174B2', 'US2023036730A1', 'US2023054446A1', 'US2023069649A1', 'US2023117725A1', 'US2023117801A1', 'US2023118213A1', 'US2023119584A1', 'US2023120636A1', 'US2023120637A1', 'US2023124608A1', 'US2023129494A1', 'US2023153799A1', 'US2023179421A1', 'US2023245101A1', 'US11720888B2', 'US2023273980A1', 'US2023281937A1', 'US2023376572A1', 'JP2023167674A', 'US11853404B2', 'JP3245291U', 'US2024037668A1', 'US2015363769A1', 'US2017249622A1', 'US2019156301A1', 'US2019172026A1']","['G06Q30', 'G06FCI', 'G06Q40', 'G06F17', 'G06Q20', 'G06Q30', 'G06Q40', 'G06Q20', 'G06Q20', 'G06Q20', 'G06Q20', 'G06Q20', 'G06Q30', 'G07F7', 'G06Q20', 'G06Q30', 'G06Q30', 'G06F21', 'G06Q30', 'G06Q30', 'G06F3', 'G06F3', 'G06G7', 'G06K15', 'G06T17', 'G06Q40', 'G06Q40', 'G06Q40', 'G06Q40', 'H04L9', 'A63F13', 'G06Q20', 'G06Q99', 'H04L9', 'G06Q40', 'G06Q30', 'G06F17', 'G06F1', 'G06F9', 'G06F12', 'G06F13', 'G06F17', 'G06F19', 'G06F21', 'G06Q10', 'G06Q20', 'G06Q20', 'G06Q20', 'G06Q20', 'G06Q20', 'G06Q20', 'G06Q20', 'G06Q30', 'G06Q30', 'G06Q40', 'G06Q50', 'G06T1', 'G07F17', 'G09C1', 'G10K15', 'G10L21', 'G11B20', 'H04L1', 'H04L9', 'H04L9', 'H04L9', 'H04L29', 'H04N5', 'H04N7', 'H04N7', 'H04N21', 'H04N21', 'H04N21', 'H04N21', 'H04N21', 'H04N21', 'H04N21', 'H04N21', 'H04N21', 'H04N21', 'H04N21', 'H04N21', 'H04N21', 'H04N21', 'H04N21', 'H04N21', 'H04N21', 'H04N21', 'H04N21', 'H04N21', 'H04N21', 'H04N21', 'G06Q99', 'G06Q40', 'G06Q30', 'G06Q40', 'G06Q30', 'G06Q20', 'G06F17', 'G06Q10', 'G06Q30', 'G06Q40', 'G06K5', 'G06K19', 'G06Q20', 'G06Q30', 'G06Q10', 'G06Q30', 'G06Q40', 'G06Q40', 'G06Q40', 'G06Q30', 'G06F15', 'G06F21', 'G06Q20', 'G06Q30', 'H04L9', 'G06Q10', 'G06Q30', 'B29C48', 'G06F19', 'G06F17', 'G06Q40', 'G06Q20', 'G06Q40', 'G06Q20', 'G06Q40', 'G06Q40', 'A63F9', 'H04L29', 'G06F3', 'G06Q30', 'G06Q30', 'G06Q40', 'G06Q20', 'G06Q30', 'G07F9', 'G06Q30', 'H04L12', 'G06Q40', 'G06Q40', 'G06F17', 'G06Q20', 'G06Q20', 'G06Q20', 'G06Q20', 'G06Q30', 'G06Q40', 'G06Q50', 'G06Q20', 'G06Q20', 'G06Q20', 'G06Q20', 'G06Q30', 'G06Q20', 'G06Q30', 'H04L29', 'G06Q20', 'G06Q20', 'G06Q30', 'G06Q30', 'G06Q40', 'G06Q50', 'G06Q30', 'G06Q20', 'G06Q20', 'G06Q20', 'G06Q20', 'G06Q20', 'G06Q50', 'G06Q20', 'G06Q20', 'G06Q20', 'G06F17', 'G06Q20', 'G06F17', 'G06F7', 'H04L29', 'G06Q10', 'G06Q40', 'G06Q20', 'G06Q20', 'G06Q40', 'G06Q20', 'G06Q30', 'G06Q20', 'G06Q20', 'G06Q20', 'G06Q20', 'G06Q30', 'G06Q30', 'G07F17', 'A61B5', 'A61B5', 'A61B5', 'A61B5', 'A61B5', 'A61M21', 'G06F17', 'G06N5', 'G06Q30', 'G06Q40', 'G09B5', 'G09B19', 'G16B40', 'G16B50', 'G16H10', 'G16H40', 'G16H50', 'A61M21', 'G06N20', 'G06Q20', 'G06Q20', 'G06Q20', 'G06Q20', 'G06Q20', 'G06Q20', 'G06Q20', 'G06Q20', 'H04L29', 'G06Q20', 'G06Q20', 'G06Q20', 'G06Q20', 'G06Q20', 'G06Q20', 'G06Q30', 'G06K7', 'G06K19', 'G06K19', 'G06Q30', 'H04L29', 'H04W4', 'H04W12', 'H04W4', 'G06F21', 'H04L9', 'H04L29', 'G06Q20', 'G06Q40', 'G06Q40', 'H04L29', 'G06Q40', 'G06Q40', 'H04L29', 'B29C67', 'G06Q40', 'G06Q50', 'G06Q10', 'G06Q20', 'G06Q20', 'G06Q20', 'G06Q20', 'G06Q30', 'G06F3', 'G06Q50', 'H04L29', 'G06F3', 'G06F17', 'H04L29', 'G06F21', 'H04L9', 'H04L29', 'G06F17', 'G06Q20', 'G06Q20', 'G06Q20', 'G06Q20', 'G06Q20', 'G06Q40', 'G06Q40', 'H04L29', 'G06Q20', 'G06Q20', 'H04L9', 'G06Q20', 'G06Q40', 'H04L9', 'H04L9', 'H04L9', 'H04L9', 'G06F21', 'G06Q20', 'G06Q20', 'G06Q50', 'H04L9', 'H04L9', 'G06Q20', 'H04L9', 'G06Q20', 'G06Q20', 'G06Q20', 'H04L29', 'G06Q40', 'G06Q40', 'G06Q40', 'G06Q20', 'G06Q50', 'B65D25', 'B65D25', 'B65D43', 'B65D51', 'G06Q20', 'G06Q30', 'H04N1', 'G06F21', 'G06Q20', 'H04L9', 'H04L9', 'H04L9', 'H04L9', 'H04L29', 'G06Q20', 'G06Q20', 'H04L9', 'H04L9', 'G06Q20', 'G06Q20', 'G06Q20', 'G06Q20', 'H04L9', 'H04L9', 'H04L9', 'H04L9', 'A63B24', 'A63B71', 'G06Q20', 'G06Q30', 'A63F13', 'A63F13', 'A63F13', 'G06Q10', 'G06Q10', 'G06Q20', 'G06Q30', 'G06Q30', 'G06Q40', 'G06Q40', 'G06Q50', 'H04W16', 'H04W24', 'H04W36', 'H04W52', 'H04W64', 'H04W72', 'H04W84', 'G06F21', 'G06Q20', 'G06Q40', 'G06K19', 'G06K19', 'G06Q10', 'G06Q30', 'H04L9', 'H04L9', 'H04L9', 'H04L9', 'G06Q40', 'G06F3', 'G06F17', 'G06Q20', 'G06Q20', 'G06Q30', 'G06Q50', 'H04L9', 'H04L9', 'G06Q40', 'G06T19', 'H04L29', 'H04L29', 'G06Q30', 'G06Q20', 'G06Q20', 'G06Q20', 'G06Q40', 'H04L29', 'G06F21', 'G06F21', 'G06Q40', 'A63B71', 'B33Y10', 'H04L9', 'H04L29', 'H04L29', 'B29C64', 'B65D65', 'G01D9', 'G06F1', 'B29C64', 'G06F12', 'G06K5', 'G06K5', 'G06Q10', 'G06Q20', 'H04L29', 'G06F17', 'G06F21', 'G06F21', 'G06F21', 'G06F21', 'H04L9', 'H04L9', 'G06K9', 'G06Q50', 'G06T19', 'H04L29', 'H04W4', 'G06F3', 'G06F3', 'G06F9', 'G06F17', 'G06K9', 'G06T19', 'G06T19', 'G09G3', 'G16H40', 'G16H50', 'G06N5', 'G06N20', 'G06Q10', 'G06Q40', 'B65D73', 'G06F9', 'H04L9', 'H04L9', 'H04L9', 'H04L9', 'G06T19', 'H04L9', 'H04L9', 'G06Q40', 'G06Q40', 'G06F21', 'G06Q20', 'H04L9', 'B65G1', 'B65G47', 'G06Q10', 'G06Q30', 'G06Q20', 'G06Q20', 'G06Q20', 'G06F21', 'H04L9', 'H04L12', 'G06F21', 'G06Q20', 'G06Q40', 'G06F21', 'G06Q20', 'G06Q40', 'G06F21', 'G06Q20', 'G06Q20', 'G06Q20', 'H04L9', 'G06Q20', 'G06Q40', 'G06F17', 'G06F21', 'G06V10', 'G06V30', 'H04L29', 'H04N1', 'H04N1', 'H04N1', 'H04W12', 'H04L9', 'G06Q20', 'G06Q20', 'G06Q20', 'H04L9', 'H04L9', 'H04L9', 'H04L9', 'H04L9', 'G06Q20', 'G06Q20', 'G06Q20', 'G06Q40', 'G06Q10', 'G06Q20', 'G06Q30', 'G06Q40', 'G06Q50', 'G06Q50', 'H04L29', 'G06K7', 'G06K19', 'H04L9', 'G06Q20', 'G06Q20', 'G06Q20', 'G06Q20', 'H04L9', 'H04L9', 'H04L29', 'G06F3', 'G06F17', 'G06F17', 'G06Q50', 'G06K19', 'G06Q20', 'G06T19', 'H04L9', 'H04L29', 'G06Q30', 'H04L9', 'H04L29', 'G06Q20', 'G06Q40', 'H04L9', 'G06Q20', 'G06Q20', 'G06Q20', 'H04L29', 'H04L9', 'G06Q10', 'H04L9', 'G06Q20', 'G06Q30', 'H04L9', 'G06F21', 'G06F21', 'G06F21', 'G06F21', 'G06F21', 'G06F21', 'H04L9', 'H04L9', 'H04L9', 'H04L29', 'G06Q10', 'G06Q20', 'G06Q20', 'G06Q30', 'G06Q50', 'H04L29', 'G06N5', 'G06N20', 'G06Q30', 'H04L29', 'G06Q30', 'G06Q40', 'G07C9', 'H04L9', 'H04W4', 'H04W4', 'H04W12', 'H04W12', 'G06Q30', 'G06Q40', 'H04L9', 'G06Q10', 'G06Q40', 'G06Q40', 'G06Q20', 'G06Q20', 'G06Q40', 'G06Q40', 'G06Q40', 'H04L9', 'G06Q20', 'G06Q40', 'H04L9', 'H04L9', 'G06Q20', 'G06Q20', 'G06Q20', 'G06Q40', 'G06Q40', 'G06Q40', 'H04L9', 'H04L9', 'G06Q20', 'G06Q40', 'H04L9', 'H04L9', 'G06Q20', 'G06Q40', 'H04L9', 'H04L9', 'G06Q20', 'G06Q20', 'G06Q20', 'G06Q40', 'G06Q20', 'G06Q20', 'H04L9', 'H04L9', 'H04L9', 'H04L9', 'H04L9', 'G06Q20', 'G06Q20', 'H04L9', 'H04L9', 'G06Q20', 'G06Q20', 'G06Q40', 'H04L9', 'G06Q20', 'G06Q40', 'H04L9', 'H04L9', 'G06F3', 'G06F9', 'G06Q40', 'G06Q40', 'G06Q50', 'G07F17', 'H04L9', 'G16H10', 'G16H40', 'G16H70', 'H04L9', 'G06T19', 'H04L9', 'H04L9', 'G06Q20', 'G06Q20', 'G06Q30', 'G06Q40', 'G06Q20', 'G06Q20', 'G06Q20', 'G06Q20', 'G06Q40', 'G06F21', 'G06F21', 'H04L9', 'G06Q20', 'G06Q20', 'G06Q20', 'G06Q40', 'H04L9', 'H04L9', 'H04L29', 'H04L29', 'G06F16', 'G06F21', 'G06F21', 'G06Q10', 'G06Q10', 'G06Q10', 'G06Q20', 'G06Q20', 'G06Q20', 'G06Q20', 'G06Q20', 'G06Q30', 'G06Q40', 'G06Q40', 'G06Q50', 'G06Q50', 'H04L9', 'H04L9', 'H04L29', 'H04N5', 'G06Q10', 'G06Q20', 'H04L9', 'G06Q20', 'G06Q20', 'G06Q20', 'G06Q30', 'G06Q30', 'H04L9', 'H04L9', 'H04W12', 'G06Q20', 'G06Q40', 'H04L9', 'G06Q30', 'G06Q20', 'G06Q20', 'G06Q30', 'G06Q20', 'G06Q20', 'G06F16', 'G06F16', 'G06Q10', 'G06Q20', 'G06Q20', 'G06Q20', 'G06F16', 'G06F16', 'G06Q20', 'G06Q20', 'G06Q20', 'G06Q30', 'G06Q40', 'G06N20', 'G06Q30', 'G06Q30', 'G06Q40', 'H04L9', 'G06Q40', 'G06Q40', 'G06Q20', 'G06Q40', 'H04L9', 'H04L9', 'G06Q20', 'G06Q10', 'G06Q20', 'H04L9', 'G06F16', 'G06Q20', 'G06Q20', 'H04L9', 'G06Q10', 'G06Q50', 'G06Q20', 'G06Q20', 'G06Q20', 'G06Q20', 'G06Q20', 'G06Q40', 'H04L9', 'G06F16', 'G06Q20', 'A63F13', 'G06Q20', 'G06Q20', 'G06Q20', 'H04L9', 'G06Q20', 'G06Q20', 'G06Q20', 'G06Q20', 'G06Q40', 'G06Q40', 'G06Q20', 'G06Q40', 'G06Q20', 'G06Q20', 'G06Q20', 'H04L9', 'H04L9', 'H04L29', 'H04L29', 'G06Q40', 'G06Q50', 'H04L9', 'G06Q20', 'G06Q20', 'H04L9', 'G06Q20', 'G06Q40', 'H04L9', 'H04L9', 'G06Q20', 'H04L9', 'G06Q20', 'G06Q20', 'G06Q20', 'G06Q20', 'G07F7', 'G07F9', 'H04M1', 'G06Q20', 'G06Q20', 'H04L9', 'H04L9', 'G06F7', 'G06F16', 'G06F16', 'G06Q10', 'H04L9', 'H04L9', 'H04L29', 'H04L29', 'G06Q30', 'G06Q20', 'G06Q20', 'G06Q20', 'G06Q20', 'H04L9', 'G06Q20', 'G06Q40', 'H04L9', 'H04L9', 'G06Q20', 'G06Q20', 'G06Q30', 'G06Q50', 'H04L9', 'H04L29', 'G06F16', 'G06Q20', 'G06Q20', 'H04L9', 'H04L29', 'G06Q20', 'H04L9', 'H04L29', 'G06Q20', 'G06Q20', 'H04L9', 'H04L9', 'A63F13', 'A63F13', 'A63F13', 'H04L9', 'G06Q20', 'G06Q20', 'G06Q50', 'H04L9', 'G06F9', 'G06Q20', 'G06Q20', 'G06Q30', 'G06Q30', 'G06Q40', 'H04L9', 'G06Q20', 'G06Q20', 'H04L9', 'A63F13', 'G06Q30', 'G06Q30', 'G06Q40', 'G06Q20', 'G06Q20', 'G07F15', 'H04L9', 'G06Q30', 'G06Q20', 'G06Q20', 'G06Q20', 'H04L9', 'H04L9', 'G06F16', 'G06F16', 'G06Q10', 'G06Q20', 'G06Q20', 'H04L9', 'H04L9', 'G06F21', 'G06F21', 'G06F21', 'H04L9', 'H04L29', 'G06Q20', 'H04L9', 'G06Q20', 'G06Q20', 'G06Q20', 'G06Q20', 'G06Q40', 'H04L9', 'H04L9', 'A63F13', 'G06F16', 'G06F21', 'H04L9', 'G06Q20', 'G06Q30', 'G06Q30', 'H04L9', 'H04W4', 'G06F21', 'G06Q20', 'H04L9', 'H04L9', 'H04L9', 'H04L9', 'H04L29', 'G06Q30', 'G06F9', 'G06F16', 'G06F16', 'G06Q50', 'H04L29', 'G06F16', 'G06Q10', 'G06Q30', 'H04L9', 'H04L9', 'G06Q20', 'G06Q20', 'G06F16', 'G06F16', 'G06Q10', 'G06Q20', 'G06Q20', 'G06Q20', 'G06Q40', 'G06Q40', 'G06Q50', 'G06Q50', 'H04L9', 'G06Q20', 'G06Q20', 'G06F16', 'G06Q10', 'G06Q20', 'G06Q20', 'G06Q30', 'G06Q30', 'H04L9', 'H04L29', 'G06F9', 'G06F16', 'G06F16', 'G06Q20', 'G06Q20', 'G06Q20', 'G06Q20', 'G06Q30', 'G06Q30', 'G06Q40', 'G06Q50', 'H04L9', 'G06Q20', 'G06Q20', 'G06Q20', 'H04L9', 'H04L9', 'H04L9', 'G06Q20', 'G06Q40', 'G06Q40', 'G06Q20', 'G06Q20', 'G06Q20', 'H04L9', 'H04L12', 'G06Q20', 'G06Q20', 'G06Q20', 'G06Q20', 'G06Q20', 'G06Q20', 'G06Q20', 'G06Q30', 'G06Q40', 'G07C5', 'G07C5', 'G05D1', 'G06F9', 'G06Q20', 'G06Q20', 'G06Q20', 'H04L9', 'G06Q20', 'G06Q20', 'G06Q20', 'G06Q20', 'G06Q20', 'G06Q20', 'G06Q20', 'G06Q40', 'G06Q40', 'H04L9', 'G06F12', 'G06F12', 'G06F12', 'G06F16', 'G06F16', 'G06Q20', 'G06Q20', 'G06Q20', 'G06Q20', 'G06F21', 'G06F21', 'H04L9', 'G06Q20', 'G06Q20', 'G06Q50', 'H04L9', 'H04L9', 'G06F9', 'G06F16', 'G06Q10', 'G06Q20', 'G06Q20', 'G06Q20', 'H04L9', 'G06Q20', 'G06Q20', 'G06Q20', 'H04L9', 'H04L9', 'H04L9', 'G06Q20', 'G06Q40', 'H04L9', 'G06Q20', 'A63F13', 'A63F13', 'A63F13', 'G06Q20', 'G06Q20', 'G06F16', 'G06Q10', 'G06Q10', 'G06Q20', 'G06Q20', 'G06Q20', 'G06Q20', 'G06Q20', 'G06Q30', 'G06Q30', 'G06Q40', 'G06Q40', 'H04L9', 'G06Q20', 'G06Q20', 'G06Q30', 'G06Q40', 'G06Q40', 'H04L29', 'H04W68', 'G06Q20', 'G06F16', 'G06Q20', 'G06Q20', 'G06Q20', 'G06Q40', 'H04L9', 'H04L9', 'G06F21', 'G06Q40', 'H04L9', 'H04L9', 'G06F16', 'G06Q10', 'G06Q30', 'G06Q40', 'G06Q40', 'H04L9', 'G06Q20', 'G06Q20', 'G06Q20', 'H04L9', 'H04L9', 'H04L9', 'G06Q10', 'G06Q20', 'G06Q20', 'G06Q20', 'G06Q20', 'G06Q30', 'G06Q50', 'H04L9', 'G06F16', 'G06Q20', 'G06Q20', 'H04L9', 'H04L9', 'G06Q20', 'G06Q30', 'G06Q30', 'H04L9', 'G06F3', 'G06F3', 'G06Q30', 'G06F21', 'G07F17', 'H04L9', 'H04L9', 'G06F16', 'G06F16', 'H04L9', 'G06Q20', 'G06Q40', 'G06Q40', 'G06Q40', 'H04L9', 'G06F21', 'H04L9', 'H04L29', 'G06F16', 'G06F16', 'G06F21', 'G06F21', 'G06Q20', 'G06Q20', 'G06Q20', 'G06Q20', 'G06Q20', 'G06Q30', 'G06F21', 'G06Q30', 'G06Q30', 'H04L9', 'G06F16', 'G06F16', 'G06Q10', 'G06Q20', 'G06Q50', 'G10L15', 'G06Q40', 'H04L9', 'H04L9', 'H04L9', 'G06F16', 'G06F16', 'G06F21', 'G06F3', 'G06Q20', 'H04L9', 'G06F21', 'G06Q20', 'G06Q20', 'G06Q20', 'G06Q40', 'H04L9', 'H04L9', 'G06Q40', 'G06Q40', 'H04L9', 'G06F21', 'G06Q20', 'G06Q20', 'G06Q20', 'G06Q20', 'G06Q20', 'G06Q30', 'G06F21', 'G06Q20', 'G06Q20', 'G06Q20', 'G06Q20', 'G06Q20', 'G06Q30', 'G06F21', 'G06Q20', 'G06Q20', 'G06Q20', 'G06Q20', 'G06Q20', 'G06Q30', 'G06F21', 'G06Q20', 'G06Q20', 'G06Q20', 'G06Q20', 'G06Q20', 'G06Q30', 'G06Q20', 'G06Q20', 'G06Q50', 'G06V10', 'H04L9', 'H04L9', 'G06Q40', 'G06Q20', 'G06Q20', 'H04L9', 'G06F21', 'G06Q20', 'G06F16', 'G06Q20', 'G06Q20', 'G06Q50', 'G06Q20', 'G06Q20', 'G06Q20', 'G06Q20', 'G06Q20', 'G06Q20', 'G06Q20', 'G06Q10', 'G06Q10', 'G06Q30', 'G06Q30', 'G06Q40', 'G06F16', 'G06F16', 'G06F21', 'G06F21', 'G06F3', 'G06F16', 'G06F16', 'G06F21', 'G06F21', 'G06F3', 'G06F21', 'G06Q20', 'G06Q20', 'G06Q20', 'G06Q20', 'G06Q20', 'G06Q30', 'G06F21', 'G06Q20', 'G06Q20', 'G06Q20', 'G06Q20', 'G06Q20', 'G06Q30', 'G06F21', 'G06Q20', 'G06Q20', 'G06Q20', 'G06Q20', 'G06Q20', 'G06Q30', 'G06F21', 'G06Q20', 'G06Q20', 'G06Q20', 'G06Q20', 'G06Q20', 'G06Q30', 'G06F21', 'G06Q20', 'G06Q20', 'G06Q20', 'G06Q20', 'G06Q20', 'G06Q30', 'G06Q50', 'G07F17', 'G06F9', 'G06Q40', 'H04L9', 'H04L9', 'G06Q20', 'G06Q20', 'G06Q30', 'G06Q40', 'G06K19', 'G06Q10', 'G06Q20', 'G06Q20', 'G06Q20', 'G06Q40', 'G06Q20', 'G06Q20', 'G06F16', 'G06F16', 'G06Q10', 'G06Q20', 'G06Q20', 'H04L9', 'H04L9', 'G06Q20', 'G06Q20', 'G06F16', 'G06Q20', 'H04L9', 'H04L9', 'G06Q30', 'G06Q40', 'G06Q40', 'G06Q50', 'H04L9', 'G06Q20', 'G06Q20', 'H04L9', 'H04L9', 'G06N7', 'G06N20', 'G06Q20', 'G06Q20', 'G06Q20', 'G06Q40', 'H04L9', 'H04L9', 'H04L9', 'G06F9', 'G06F21', 'G06N20', 'G06Q10', 'G06Q20', 'G06Q20', 'G06Q20', 'G06Q20', 'G06Q50', 'H04L9', 'H04L9', 'H04L9', 'H04L9', 'H04L9', 'H04L41', 'H04L45', 'H04L45', 'H04L45', 'H04L49', 'H04L49', 'H04L49', 'H04L65', 'H04L65', 'H04L67', 'H04L67', 'H04L67', 'H04L67', 'H04L67', 'H04L69', 'G06F16', 'G06F16', 'G06F21', 'G06F16', 'G06F16', 'G06F21', 'G06F9', 'G06Q40', 'H04L9', 'H04L9', 'G06Q20', 'G06Q40', 'A63F13', 'G06T19', 'G06Q20', 'G06Q30', 'H04W4', 'G06F16', 'G06Q20', 'G06Q20', 'H04L9', 'H04L9', 'G06F16', 'G06F21', 'G06Q20', 'G06Q20', 'G06Q20', 'G06Q30', 'G06Q30', 'G06Q40', 'G06Q40', 'G06Q50', 'H04L9', 'H04L9', 'G06Q20', 'G06Q20', 'G06Q20', 'G06Q20', 'G06Q20', 'G06Q20', 'G06Q20', 'H04L9', 'G06Q30', 'G06Q50', 'G05B19', 'G05B19', 'G06F7', 'G06F9', 'G06F9', 'G06F9', 'G06F9', 'G06F9', 'G06F16', 'G06F16', 'G06F16', 'G06F16', 'G06F16', 'G06F16', 'G06F21', 'G06F30', 'G06K9', 'G06N3', 'G06N3', 'G06N3', 'G06N5', 'G06N20', 'G06Q10', 'G06Q10', 'G06Q20', 'G06Q20', 'G06Q20', 'G06Q20', 'G06Q20', 'G06Q30', 'G06Q30', 'G06Q40', 'G06Q40', 'G06Q50', 'G06Q50', 'G06Q50', 'H02J3', 'H02J3', 'H02J3', 'H02J3', 'H04L9', 'H04L12', 'H04L47', 'H04L47', 'H04L47', 'G06F16', 'G06Q50', 'H04L9', 'H04L67', 'G06F16', 'G06F16', 'G06F21', 'G06F21', 'G06F3', 'G06Q10', 'G06Q20', 'G06Q20', 'H04L9', 'G06F16', 'H04L9', 'H04L9', 'H04L9', 'H04L67', 'G06F9', 'G06F16', 'G06Q10', 'G06Q20', 'G06Q20', 'G06Q20', 'G06Q20', 'H04L9', 'H04L9', 'H04L9', 'H04L9', 'G06F21', 'H04L9', 'G06F16', 'H04L9', 'H04L9', 'H04L9', 'G06F16', 'G06F16', 'G06F21', 'G06F21', 'G06F3', 'G06F21', 'G07F17', 'H04L9', 'H04L9', 'H04L9', 'G06Q10', 'G06Q20', 'G06F21', 'H04L9', 'G06F16', 'G06F16', 'G06F21', 'G06F21', 'G06Q20', 'G06Q20', 'G06Q20', 'G06Q20', 'G06Q20', 'G06Q20', 'G06Q30', 'G06F21', 'G06Q20', 'G06Q20', 'G06Q20', 'G06Q20', 'G06Q20', 'G06Q20', 'G06Q30', 'G06F21', 'G06Q20', 'G06Q20', 'G06Q20', 'G06Q20', 'G06Q20', 'G06Q20', 'G06Q30', 'G06F21', 'G06Q20', 'G06Q20', 'G06Q20', 'G06Q20', 'G06Q20', 'G06Q20', 'G06Q30', 'G06K19', 'G06Q10', 'G06Q10', 'G06Q10', 'G06Q10', 'H04W4', 'G06F16', 'G06Q20', 'G06Q30', 'G06F21', 'G06Q20', 'G06Q20', 'G06Q20', 'G06Q20', 'G06Q20', 'G06Q20', 'G06Q30', 'G06F21', 'G06Q20', 'G06Q20', 'G06Q20', 'G06Q20', 'G06Q20', 'G06Q20', 'G06Q30', 'G06Q20', 'G06Q20', 'G06F16', 'G06N3', 'H04L9', 'G06F21', 'G06Q20', 'G06Q20', 'G06Q20', 'G06Q20', 'G06Q20', 'G06Q20', 'G06Q30', 'G06Q10', 'G06Q10', 'G06Q10', 'G06Q20', 'G06Q30', 'G06Q30', 'H04L9', 'H04L9', 'G06F16', 'G06F16', 'G06F21', 'G06T19', 'G06F21', 'G06Q20', 'G06F16', 'G06F16', 'G06F21', 'G06F21', 'G06F3', 'G06F21', 'G06K19', 'G09F3', 'G06F16', 'G06F16', 'G06F16', 'G06Q10', 'G06Q40', 'H04L9', 'H04L9', 'H04L9', 'G06Q20', 'G06Q20', 'G06Q20', 'G06Q20', 'G06Q20', 'G06Q20', 'H04L29', 'G06Q20', 'G06Q20', 'G06Q20', 'H04L9', 'G06Q20', 'G06Q20', 'H04L9']"
19,Risk Analysis System for Cold Restore Requests for Digital Wallets,"YU DON [US] 
DE OCA ZASSMIN MONTES [US] 
ISLAM SHAMIQ [US] 
GONZALES EDDIE [US] 
NG TK [US] 
MULLER MATTHEW [US] 
RICA CASSANDRA [US] 
HODAPP PAUL [US]",COINBASE INC [US],US2023237467A1,2022-01-24,"['G06Q20/36', 'G06Q40/04', 'G06Q40/08']","['G06Q20/065 (EP)', 'G06Q20/36 (EP,US)', 'G06Q20/3678 (EP)', 'G06Q20/4016 (EP)', 'G06Q40/04 (US)', 'H04L9/50 (EP)', 'G06N3/084 (EP)', 'G06Q2220/00 (EP)', 'H04L2209/56 (EP)']",2023-07-27,2023-07-27,87314215,2023-07-27,,US2023237467A1,,US,,2023,2022,US,['US'],['US2023237467A1'],COMPUTING CALCULATING OR COUNTING,"['Computer Science', 'Mathematics']",COINBASE INC [US],,Company - Incorporated/Corporation,Unknown,3,16500,"['US10373158B1', 'US2020034869A1', 'US2020372163A1', 'US11199837B2', 'US2022237700A1', 'US2022366494A1']","['G06Q20', 'G06Q20', 'G06Q20', 'G06Q30', 'G06F9', 'G06F16', 'G06F16', 'G06F16', 'G06F16', 'G06F16', 'G06F21', 'G06F21', 'H04L9', 'G05B13', 'G05B19', 'G05B23', 'G06N3', 'G06N3', 'G06N3', 'G06N3', 'G06N5', 'G06N7', 'G06N20', 'G06T11', 'G06V10', 'G06V10', 'H04B17', 'H04B17', 'H04L1', 'H04L1', 'H04L12', 'H04L12', 'H04L12', 'H04L29', 'H04Q9', 'G06N3', 'H04L5', 'H04L29', 'G06N20', 'G06Q30', 'G06Q40', 'G06Q30', 'G06Q40', 'G16Y10']"
17,"SYSTEME PERMETTANT D'ASSURER ET D'EXECUTER DES INVESTISSEMENTS DANS DES INSTRUMENTS ET SERVICES FINANCIERS, PRODUITS ET INVESTISSEMENTS DE TOUTE NATURE",LIONETTI GIOVANNI [IT],MAYAK GAMES AND SOLUTIONS OUE [EE],EP4421725A1,2023-02-22,"['G06F3/16', 'G06F40/35', 'G06Q40/04', 'G06Q40/06', 'H04L51/02']","['G06F40/30 (EP)', 'G06F40/35 (EP)', 'G06Q40/04 (EP)', 'G06Q40/06 (EP)', 'H04L51/02 (EP)']",2024-08-28,2024-08-22,86332030,2024-08-28,,EP4421725A1,,EP,,2024,2023,EE,"['EP', 'IT']","['EP4421725A1', 'IT202300003027A1']",COMPUTING CALCULATING OR COUNTING,"['Computer Science', 'Mathematics']",MAYAK GAMES AND SOLUTIONS OUE [EE],,Technology Company,Unknown,2,16500,"['WO2008016931A2', 'EP3321928A1', 'WO2019172910A1', 'EP2950307A1', 'US10878415B1', 'US10916251B1', 'US2021264520A1', 'US2021358188A1']","['G06F17', 'G06Q40', 'G06F3', 'G06F3', 'G10L15', 'H04W4', 'G10L15', 'G10L17', 'A61B5', 'G06K9', 'G10L15', 'G10L15', 'G10L17', 'G06F3', 'G06F3', 'G06N3', 'G06N20', 'G06Q20', 'G06Q20', 'G06Q40', 'G10L15', 'G10L15', 'G10L17', 'H04M3', 'G06N20', 'G06Q20', 'G06Q20', 'G06Q20', 'G06Q40', 'G06Q40', 'G06Q40', 'H04L9', 'G06T13', 'G10L13', 'H04L12']"
33,SYSTEMS AND PROCESSES FOR GENERATING A SINGLE CRYPTOCURRENCY ADDRESS MAPPING SPACE FOR A PLURALITY OF CRYPTOCURRENCIES BY CLUSTERING,HOLLAND SHANNON [US],CIPHERTRACE INC [US],US2024311827A1,2022-03-14,"['G06Q20/38', 'G06Q20/40', 'H04L9/00', 'H04L9/08', 'H04L9/30', 'H04L9/32']","['G06Q20/3825 (US)', 'G06Q20/3829 (US)', 'G06Q20/401 (US)', 'H04L9/0825 (US)', 'H04L9/3073 (US)', 'H04L9/3239 (US)', 'H04L9/3247 (EP)', 'H04L9/50 (EP)', 'G06Q2220/00 (US)', 'H04L2209/56 (EP,US)', 'H04L9/50 (US)']",2024-09-19,2023-09-14,85511087,2024-09-19,,US2024311827A1,,US,,2024,2022,US,"['AU', 'EP', 'US', 'WO']","['AU2023234289A1', 'EP4494300A1', 'US12033150B2', 'US2023289795A1', 'US2024311827A1', 'WO2023177484A1']",COMPUTING CALCULATING OR COUNTING,"['Computer Science', 'Mathematics']",CIPHERTRACE INC [US],,Company - Incorporated/Corporation,Unknown,3,16500,"['US2015287026A1', 'US2015363769A1', 'US2015363770A1', 'US2015363772A1', 'US2015363876A1', 'US2018053182A1', 'US2018264347A1', 'US2019019180A1', 'US2020117690A1', 'US2020286087A1', 'US2020396065A1', 'US2020394651A1', 'US10915895B1', 'US2021158339A1', 'US11038685B1', 'US2021398211A1', 'US2022188812A1', 'US2022209962A1', 'US2023052909A1', 'US2023186281A1', 'US2023298009A1', 'US2023412400A1', 'US11861587B1']","['G06Q20', 'G06Q20', 'G06Q20', 'G06Q20', 'G06Q20', 'G06Q20', 'G06Q20', 'G06Q20', 'G06Q20', 'G06Q20', 'G06Q40', 'G06Q20', 'H04L9', 'H04L9', 'H04L9', 'H04L9', 'H04L29', 'A42B3', 'A61B5', 'A61B5', 'A63B24', 'A63B43', 'A63B60', 'A63B69', 'A63B69', 'A63B71', 'A63B71', 'A63F11', 'A63F13', 'B33Y10', 'G01L5', 'G06F1', 'G06F3', 'G06F3', 'G06F19', 'G06K9', 'G09B19', 'G16H20', 'G16H30', 'G16H50', 'H04N7', 'H04Q9', 'H04W84', 'A61B5', 'A61B5', 'A61B5', 'A61B5', 'A61B5', 'A63B21', 'A63B69', 'A63B69', 'A63B69', 'A63B69', 'A63B71', 'A63B71', 'A63B71', 'H04B1', 'H04L29', 'H04N23', 'H04W88', 'G06Q20', 'G06Q20', 'G06Q20', 'H04L9', 'H04L9', 'G06F16', 'G06F16', 'G06Q10', 'G06Q20', 'G06Q50', 'G10L15', 'G06Q20', 'H04L9', 'H04L9', 'H04L9', 'H04L9', 'H04L12', 'H04L29', 'G06Q20', 'G06Q20', 'G06Q20', 'G06Q20', 'G06Q40', 'G06Q20', 'G06Q20', 'G06Q20', 'G06Q20', 'G06Q20', 'G06Q20', 'G06Q30', 'G06Q40', 'G06Q50', 'H04L9', 'H04L9', 'H04L9', 'H04L9', 'G06Q20', 'G06Q20', 'G06Q20', 'G06Q40', 'G06Q20', 'G06Q20', 'G06Q20', 'G06Q20', 'H04L9', 'G06Q20', 'G06Q20', 'G06Q20', 'G06Q20', 'G06Q20', 'G06Q20', 'G06Q20', 'G06Q20', 'G06Q20', 'G06Q20', 'G06Q20', 'G06Q20', 'H04L9', 'H04L9', 'G06Q20', 'G06Q20', 'G06Q20', 'H04L9', 'H04L9', 'H04L9', 'G06Q20', 'G06Q20']"
2,SYSTÈME ET PROCÉDÉ DE GESTION DE CRYPTOMONNAIES ÉVALUÉES PAR UNE VALEUR D'ARGENT LIQUIDE,JANG YANG HO [KR],LORDSYSTEM CO LTD [KR],WO2025009860A1,2023-07-03,"['G06Q20/02', 'G06Q20/04', 'G06Q20/06', 'G06Q20/14', 'G06Q20/36', 'G06Q20/38', 'G06Q30/06', 'G06Q40/04', 'H04L9/00']","['G06Q20/02 (EP)', 'G06Q20/04 (EP)', 'G06Q20/06 (EP)', 'G06Q20/14 (EP)', 'G06Q20/36 (EP)', 'G06Q20/38 (EP)', 'G06Q30/06 (EP)', 'G06Q40/04 (EP)', 'H04L9/00 (EP)']",2025-01-09,2025-01-09,94172409,2025-01-09,,WO2025009860A1,,WO,,2025,2023,KR,"['KR', 'WO']","['KR20250005796A', 'KR20250005797A', 'KR20250006701A', 'WO2025009860A1']",COMPUTING CALCULATING OR COUNTING,"['Computer Science', 'Mathematics']",LORDSYSTEM CO LTD [KR],,Company - Limited,Unknown,2,11800,"['JP2005316521A', 'KR20150128073A', 'KR20180109507A', 'KR20190101078A', 'JP2020009361A', 'KR20210103420A']","['G06Q40', 'G06Q40', 'G06Q20', 'G06Q40', 'G06Q50', 'G06Q20', 'G06Q20', 'G06Q20', 'G06Q40', 'G06Q20', 'G06Q20', 'G06Q30', 'G06Q40', 'G06Q50']"
3,PROCESSING SYSTEM FOR PROCESSING CRYPTOCURRENCIES AND METHOD FOR PROCESSING CRYPTOCURRENCIES,"POMASSL RENE [MT] 
ORAVECZ ATTILA [AT] 
MUCK MICHAEL [AT] 
HUBER ROBERT [AT] 
LOE MICHAEL [AT] 
HIRSCH THOMAS [AT] 
CABRERIZO DOMINIK [DE]",SALAMANTEX GMBH [AT],US2021304197A1,2018-08-03,"['G06Q20/06', 'G06Q20/38']","['G06Q20/027 (EP)', 'G06Q20/065 (US)', 'G06Q20/0655 (EP)', 'G06Q20/227 (EP)', 'G06Q20/3223 (EP)', 'G06Q20/3274 (EP)', 'G06Q20/3676 (EP)', 'G06Q20/381 (EP)', 'G06Q20/389 (US)', 'G06Q20/405 (EP)', 'H04L9/50 (EP)', 'G06Q2220/00 (US)', 'H04L2209/56 (EP)']",2021-09-30,2020-02-06,63113541,2021-09-30,,US2021304197A1,,US,,2021,2018,AT,"['EP', 'SG', 'US', 'WO', 'ZA']","['EP3830779A1', 'SG11202102136QA', 'US2021304197A1', 'WO2020025141A1', 'ZA202101366B']",COMPUTING CALCULATING OR COUNTING,"['Computer Science', 'Mathematics']",SALAMANTEX GMBH [AT],,Company - General,Unknown,7,28000,"['US2014016165A1', 'US2015324764A1', 'US2015356524A1', 'US2016292680A1', 'US2017221053A1', 'US2019370791A1']","['H04N1', 'G06Q20', 'G06Q20', 'G06Q20', 'G06Q20', 'G06Q20', 'G06Q20', 'G06Q20', 'G06Q40', 'G06Q20', 'G06Q20', 'G06Q20', 'G06Q20', 'G06Q20', 'G06Q20', 'G06Q20', 'G06Q20', 'G06Q20', 'H04L9']"
42,"SYSTEM AND METHOD OF DISTRIBUTED, SELF-REGULATING, ASSET-TRACKING CRYPTOCURRENCIES","GLOVER EILAND [US] 
REITANO JOHN W [US]",KOWALA CAYMAN SEZC [US],"US10346815B2 
US2019095880A1",2017-09-22,"['G06Q20/06', 'H04L9/06', 'G06F16/18']","['G06F16/1805 (US)', 'G06Q20/065 (EP,US)', 'G06Q20/405 (EP,US)', 'G06Q40/02 (EP,US)', 'H04L9/0643 (US)', 'H04L9/3239 (EP,US)', 'H04L9/50 (EP)', 'G06Q2220/00 (EP,US)', 'H04L2209/56 (EP,US)', 'H04L9/50 (US)']","2019-03-28 
2019-07-09",2019-03-28,65809339,2019-03-28,2019-07-09,US10346815B2,"
US2019095880A1",US,"
",2019,2017,US,"['US', 'WO']","['US10346815B2', 'US2019095880A1', 'WO2019060855A1']",COMPUTING CALCULATING OR COUNTING,"['Computer Science', 'Mathematics']",KOWALA CAYMAN SEZC [US],,Individual Inventor,Unknown,8,28000,"['US2016012424A1', 'US2017075941A1', 'US2017236120A1', 'WO2017145004A1', 'US2016246802A1', 'US2016246834A1', 'US9747586B1', 'WO2017145004A1', 'US2017352012A1', 'US2018268382A1', 'US2018365106A1']","['G06Q20', 'G06Q20', 'G06Q30', 'G06F17', 'H04L29', 'G06Q20', 'G06Q20', 'G06F17', 'G06F17', 'G06Q20', 'G06Q20', 'G06Q20', 'G06Q40', 'G06Q40', 'G06Q20', 'G06Q20', 'G06Q20', 'G06Q20', 'G06Q20', 'G06Q20', 'G06Q20', 'G06F11', 'G06F11', 'G06F12', 'H03M13']"
6,RULES ENGINE AND METHOD FOR EVALUATING A PLURALITY OF CRYPTOCURRENCIES,"MCWILLIAMS JOHN [US] 
SOONG ANDREW [US] 
JOHNSON JAMES [US]",MONEYGRAM INT INC [US],"US11954732B2 
US2022129981A1",2018-04-13,"['G06Q40/08', 'G06F16/951', 'G06Q20/40', 'G06Q40/04', 'G06Q20/06', 'G06Q20/36', 'G06Q30/018']","['G06F16/951 (US)', 'G06Q20/02 (EP)', 'G06Q20/065 (EP)', 'G06Q20/0655 (US)', 'G06Q20/10 (EP)', 'G06Q20/227 (EP)', 'G06Q20/3678 (US)', 'G06Q20/4014 (EP)', 'G06Q20/405 (US)', 'G06Q40/04 (EP,US)', 'H04L9/50 (EP)', 'G06Q2220/00 (EP,US)', 'G06Q30/018 (EP,US)', 'H04L2209/56 (EP)']","2022-04-28 
2024-04-09",2019-10-17,68161969,2022-04-28,2024-04-09,US11954732B2,"
US2022129981A1",US,"
",2022,2018,US,"['US', 'WO']","['US11954732B2', 'US2019318424A1', 'US2022129981A1', 'US2024346584A1', 'WO2019197920A1']",COMPUTING CALCULATING OR COUNTING,"['Computer Science', 'Mathematics']",MONEYGRAM INT INC [US],,Company - Incorporated/Corporation,Unknown,7,28000,"['US2001034678A1', 'US2005177499A1', 'US2008059370A1', 'US2008162224A1', 'US2009112775A1', 'US8204809B1', 'US2014324659A1', 'US2015120555A1', 'US2015294424A1', 'US2015365283A1', 'US2016203476A1', 'US2017116608A1', 'US2017140371A1', 'US9836790B2', 'US2018025442A1', 'US9892460B1', 'US2018068130A1', 'US2018075406A1', 'US2019318424A1', 'US2008275806A1', 'US2012330718A1', 'US2014003263A1', 'US2015363769A1', 'US2017364999A1', 'US2019230422A1']","['G06Q40', 'G06Q20', 'G06Q30', 'G06Q40', 'G06F17', 'G06Q10', 'G06Q40', 'G06Q40', 'G06Q20', 'G06Q20', 'G06Q20', 'G06Q20', 'G06Q20', 'G06Q40', 'G06Q20', 'G06Q20', 'G06Q20', 'H04L12', 'H04L12', 'H04L29', 'G06Q20', 'G06Q20', 'G06Q20', 'G06Q20', 'G06Q40', 'G06Q20', 'G06Q20', 'G06Q40', 'G06F3', 'G06F17', 'G06Q20', 'G06Q20', 'G06Q30', 'G06Q50', 'G06Q40', 'G06F21', 'G06F21', 'G06Q40', 'G06K19', 'G06Q10', 'G06T7', 'H04L9', 'H04N7', 'H04N23', 'G06Q20', 'G06Q20', 'G06Q40', 'G06Q40', 'G06Q20', 'G06Q40', 'H04W48', 'G06Q20', 'G06Q20', 'G06F17', 'G06Q20', 'G06Q40', 'G07F17', 'G06Q30', 'G06Q20', 'H04B1', 'H04L12', 'H04Q11', 'G06K7', 'G06Q20', 'G07F7']"
32,SYSTÈME D'ALERTE BASÉ SUR LES CHAÎNES DE BLOCS,YILMAZ IREM [TR],TURKIYE GARANTI BANKASI ANONIM SIRKETI [TR],WO2022211763A1,2021-03-29,"['G06Q20/22', 'G06Q20/38', 'H04L9/00']","['G06Q20/02 (EP)', 'G06Q20/10 (EP)', 'G06Q20/4014 (EP)', 'H04L9/50 (EP)', 'H04L2209/56 (EP)', 'H04L63/1425 (EP)']",2022-10-06,2021-05-21,77515920,2022-10-06,,WO2022211763A1,,WO,,2022,2021,TR,"['TR', 'WO']","['TR202105630A2', 'WO2022211763A1']",COMPUTING CALCULATING OR COUNTING,"['Computer Science', 'Mathematics']",TURKIYE GARANTI BANKASI ANONIM SIRKETI [TR],,Individual Inventor,Unknown,4,11800,"['US2016048912A1', 'CN109409953A', 'US2020258061A1']","['G06Q40', 'G06Q30', 'G06Q30', 'G06Q40', 'G06Q20', 'G06Q20', 'G06Q30', 'H04L9']"
44,SYSTEM AND METHOD FOR TRADING CRYPTO CURRENCY BASED ON BLOCKCHAIN,OK JAE YUN [KR],OK JAE YUN [KR],KR20200138077A,2019-05-31,"['G06Q20/06', 'G06Q20/36']","['G06Q20/065 (KR)', 'G06Q20/3678 (KR)']",2020-12-09,2020-12-09,73787591,2020-12-09,,KR20200138077A,,KR,,2020,2019,KR,['KR'],['KR20200138077A'],COMPUTING CALCULATING OR COUNTING,"['Computer Science', 'Mathematics']",OK JAE YUN [KR],,Individual Inventor,Unknown,6,16500,['KR102040907B1'],"['G06Q20', 'G06Q30']"
28,BLOCKCHAIN BASED LAYER 2 APPLICATION FOR DELEGATED OFF-CHAIN PAYMENTS USING CRYPTOCURRENCIES,"ANDREINA SEBASTIEN [DE] 
SCHWARZ MAJA [DE] 
KARAME GHASSAN [DE]",NEC LABORATORIES EUROPE GMBH [DE],US2023046901A1,2021-08-13,"['G06Q20/06', 'G06Q20/38', 'G06Q20/40']","['G06F21/64 (EP)', 'G06Q20/065 (US)', 'G06Q20/3829 (US)', 'G06Q20/401 (US)', 'G06Q2220/00 (US)']",2023-02-16,2023-02-15,81878181,2023-02-16,,US2023046901A1,,US,,2023,2021,DE,"['EP', 'JP', 'US']","['EP4134855A1', 'JP2023026347A', 'US2023046901A1']",COMPUTING CALCULATING OR COUNTING,"['Computer Science', 'Mathematics']",NEC LABORATORIES EUROPE GMBH [DE],,Company - General,Unknown,4,16500,"['WO2017167399A1', 'US2018025442A1', 'US2018300382A1', 'US2020364703A1']","['B29C67', 'B41J3', 'G06F3', 'G06Q30', 'H04L29', 'G06F3', 'G06F17', 'G06Q20', 'G06Q20', 'G06Q30', 'G06Q50', 'G06F17', 'G06Q20', 'H04L9', 'H04L9', 'G06Q20', 'G06Q20']"
51,METHOD OF MAINTAINING PRICE OF STABLE COIN AND TRADING SYSTEM USING THE SAME,JUNG KYU YONG [KR],JUNG KYU YONG [KR],KR20210043972A,2019-10-14,"['G06Q20/02', 'G06Q20/06', 'G06Q20/12', 'G06Q20/36', 'G06Q20/40', 'G06Q40/04', 'G06Q50/18']","['G06Q20/02 (KR)', 'G06Q20/065 (KR)', 'G06Q20/123 (KR)', 'G06Q20/367 (KR)', 'G06Q20/381 (KR)', 'G06Q20/401 (KR)', 'G06Q20/403 (KR)', 'G06Q40/04 (KR)', 'G06Q50/184 (KR)']",2021-04-22,2021-04-22,75731254,2021-04-22,,KR20210043972A,,KR,,2021,2019,KR,['KR'],['KR20210043972A'],COMPUTING CALCULATING OR COUNTING,"['Computer Science', 'Mathematics']",JUNG KYU YONG [KR],,Individual Inventor,Unknown,6,16500,"['KR101628007B1', 'KR20190088435A']","['G06Q20', 'G06Q20', 'G06Q20', 'G06Q40', 'G06Q20', 'G06Q20', 'G06Q20', 'G06Q40']"
30,Use of secure chips for storage of hashed data and private keys in hardware cryptowallets,"MIKHAYLOV DMITRY M [RU] 
DOLGIKH ARTEM [RU] 
HRUDOVICH YAUGENY [BY] 
RUTSKY VLADIMIR [BY] 
BILDYUK DENIS [BY] 
AKSENOV RUSLAN [RU] 
RUBIN DMITRY [RU] 
DUSHA IGOR [RU]",SAFEWALLET PTE LTD [SG],US11132673B1,2018-04-25,"['G06Q20/06', 'G06Q20/32', 'G06Q20/36', 'G06Q20/40']","['G06Q20/02 (EP)', 'G06Q20/065 (US)', 'G06Q20/3278 (US)', 'G06Q20/341 (EP)', 'G06Q20/35765 (EP)', 'G06Q20/3672 (EP)', 'G06Q20/3674 (EP)', 'G06Q20/3678 (EP,US)', 'G06Q20/3825 (EP)', 'G06Q20/3829 (EP)', 'G06Q20/4012 (EP,US)', 'G06Q2220/00 (EP,US)']",2021-09-28,2021-09-28,77887514,2021-09-28,,US11132673B1,,US,,2021,2018,SG,['US'],['US11132673B1'],COMPUTING CALCULATING OR COUNTING,"['Computer Science', 'Mathematics']",SAFEWALLET PTE LTD [SG],,Company - Limited,Unknown,7,28000,"['US2008261561A1', 'US2009020603A1', 'US2010199077A1', 'US2013138964A1', 'US2014013110A1', 'US2014229729A1', 'US2014263627A1', 'US2014351494A1', 'US2018322138A1', 'US2019095655A1', 'US2019121988A1', 'US2019289454A1']","['G06F21', 'G06F21', 'H04M3', 'H04W8', 'H04W12', 'G06F7', 'G06K7', 'H04L29', 'G06F9', 'G06F21', 'H04L9', 'H04L9', 'H04L29', 'G07F19', 'G06F3', 'G06F17', 'G06F21', 'H04B5', 'H04L9', 'H04W4', 'H04W12', 'G06F21', 'H04L9', 'H04L9', 'G06F16', 'H04L9', 'H04L9', 'H04W8', 'H04W12']"
11,KIOSK-BASED SYSTEMS AND METHODS FOR SELLING CRYPTOCURRENCIES,FRIEDLANDER JASON [US],COINSTAR ASSET HOLDINGS LLC [US],"US11367056B2 
US2020342424A1",2019-04-25,"['G06Q20/06', 'G06Q20/18', 'G06Q20/38', 'G06Q20/40']","['G06Q20/047 (EP)', 'G06Q20/065 (EP,US)', 'G06Q20/1085 (EP)', 'G06Q20/18 (EP,US)', 'G06Q20/342 (EP)', 'G06Q20/381 (EP,US)', 'G06Q20/38215 (US)', 'G06Q20/4012 (US)', 'G07F17/0035 (EP)']","2020-10-29 
2022-06-21",2020-10-29,72921537,2020-10-29,2022-06-21,US11367056B2,"
US2020342424A1",US,"
",2020,2019,US,"['US', 'WO']","['US11367056B2', 'US2020342424A1', 'US2023037633A1', 'WO2020219469A1']",COMPUTING CALCULATING OR COUNTING,"['Computer Science', 'Mathematics']",COINSTAR ASSET HOLDINGS LLC [US],,Company - General,Unknown,6,28000,"['US5564546A', 'US5620079A', 'US5842916A', 'US6056104A', 'US6116402A', 'US6349972B1', 'US7014108B2', 'US2006207856A1', 'US7653599B2', 'US7865432B2', 'US8033375B2', 'US2013117137A1', 'US2013161153A1', 'US2014013635A1', 'US8874467B2', 'US8967361B2', 'US9022841B2', 'US9064268B2', 'US9129294B2', 'US9135787B1', 'US2015278801A1', 'US2015363769A1', 'US2016232609A1', 'US2016234026A1', 'US2016292710A1', 'US2017053249A1', 'US2017323282A1', 'US2019087698A1', 'US10269009B1', 'US2019139033A1', 'US2020074419A1', 'US2020111071A1', 'US2020258152A1', 'US2020265391A1', 'US2020273002A1', 'US2021004775A1', 'US10915891B1']","['G07D1', 'G07D3', 'G07D9', 'G07F5', 'G07F9', 'G07F17', 'G07F19', 'G07G5', 'G07B5', 'G07D1', 'G07D3', 'G07D3', 'G07D9', 'G07F5', 'G07F9', 'G07F17', 'G07F19', 'G07G5', 'B07B1', 'B08B5', 'G07D3', 'G07D9', 'G07F1', 'G07D3', 'G07D3', 'G07D5', 'G07D9', 'G07F5', 'G07D7', 'G07F7', 'G07F7', 'G07G5', 'B42D15', 'G07D1', 'G07D3', 'G07D7', 'G07D9', 'G07F5', 'G07F7', 'G07F9', 'G07F17', 'G07F19', 'G07G5', 'G06F7', 'G06Q20', 'G06Q30', 'G07F9', 'G07D7', 'G06Q20', 'G07D1', 'G07D5', 'G07D7', 'G07D11', 'G07F5', 'G07F9', 'G07F17', 'G07F19', 'G06Q40', 'G06F7', 'G06F9', 'G06F19', 'G06Q20', 'G07D1', 'G07D5', 'G07D7', 'G07D11', 'G07F5', 'G07F9', 'G07F17', 'G07F19', 'G06Q20', 'G06Q20', 'G06Q30', 'G06Q30', 'G06M3', 'E02F9', 'G06Q20', 'G06Q20', 'G06Q30', 'G06Q30', 'G07F9', 'G07F17', 'G07F19', 'H10N30', 'H10N30', 'H10N30', 'G06M7', 'G07D3', 'G07D3', 'G07D3', 'G07D9', 'G07D3', 'G07D3', 'G07D9', 'G06Q30', 'G06Q20', 'G06Q30', 'G06Q30', 'G07F7', 'G07F17', 'G06Q30', 'G06Q30', 'G06Q40', 'G07D11', 'G07F19', 'G06Q20', 'G06Q20', 'G06Q20', 'G06Q20', 'G06Q20', 'G06Q40', 'H04L9', 'H04L29', 'G06Q20', 'G06Q20', 'G06Q30', 'G07C13', 'G06Q20', 'G06Q20', 'G06Q30', 'G06Q20', 'G06Q20', 'G06Q20', 'G06Q20', 'G06Q20', 'G06Q20', 'G06Q20', 'G06Q40', 'G07F11', 'G07F17', 'G07F19', 'G06K19', 'G06K19', 'G06Q20', 'G06Q20', 'G06Q20', 'G06Q20', 'G06Q20', 'G06Q20', 'G06Q20', 'G06Q20', 'G06Q20', 'G06Q20', 'G06Q20', 'G06Q20', 'G06Q20', 'G06Q20', 'G06Q30', 'G06Q40', 'G06F3', 'G06F3', 'G06F9', 'G06Q20', 'G06Q20', 'G06Q20', 'G06Q20', 'G06Q20', 'G06Q20', 'G06Q30', 'G06Q40', 'G06Q40', 'G06Q50', 'H04L9', 'H04L29', 'G06K19', 'G06Q20', 'G06Q20', 'H04W4', 'G06Q20', 'G06Q20', 'G06Q20', 'G06Q20', 'H04L9', 'G06Q20', 'G06Q20', 'G06Q20', 'G06Q20', 'G06Q20', 'H04L9', 'H04L29']"
15,CENTRAL REGISTRY SYSTEM FOR CRYPTOCURRENCIES,GRIFFITH NICHOLAS B [US],GRIFFITH NICHOLAS B [US],"US11216804B2 
US2019272534A1",2018-03-02,"['G06Q20/06', 'G06Q20/36', 'G06Q20/38', 'G06Q20/14']","['G06Q20/02 (EP)', 'G06Q20/065 (EP)', 'G06Q20/0658 (US)', 'G06Q20/367 (EP)', 'G06Q20/3672 (EP)', 'G06Q20/3678 (US)', 'G06Q20/3829 (US)', 'H04L9/50 (EP)', 'G06Q20/145 (US)', 'G06Q2220/00 (EP,US)', 'H04L2209/56 (EP)']","2019-09-05 
2022-01-04",2019-09-05,67767449,2019-09-05,2022-01-04,US11216804B2,"
US2019272534A1",US,"
",2019,2018,US,"['US', 'WO']","['US11216804B2', 'US2019272534A1', 'WO2019169378A1']",COMPUTING CALCULATING OR COUNTING,"['Computer Science', 'Mathematics']",GRIFFITH NICHOLAS B [US],,Individual Inventor,Unknown,7,28000,"['US2016261411A1', 'US2017048235A1', 'US2017221052A1', 'US2002004783A1', 'US2002062249A1', 'US2014258121A1', 'US2015120569A1', 'US2015287026A1', 'US2015332283A1', 'US2015363769A1', 'US2015365283A1', 'US2016203448A1', 'US2016203477A1', 'US2016260091A1', 'US2016267605A1', 'US2016292672A1', 'US2017031874A1', 'US2017053249A1', 'US2017068952A1', 'US2017124535A1', 'US2017132630A1', 'US2017228822A1', 'US2017230189A1', 'US2017236118A1', 'US2017295157A1', 'US2017346833A1', 'US2018053182A1', 'US2018191503A1', 'US10055926B2', 'US2018240107A1', 'US10068228B1', 'US10147076B2', 'US10229396B2', 'US2019251552A1', 'US10644879B2', 'US2020258152A1', 'US10789589B2']","['H04L9', 'G06F9', 'H04L9', 'H04L29', 'G06F12', 'H04L29', 'G06Q20', 'G06Q20', 'G06Q20', 'G06Q20', 'H04L9', 'H04L9', 'H04L9', 'H04L9', 'G06F1', 'G06F12', 'G06F21', 'G06F21', 'G06Q20', 'G06Q30', 'G07F7', 'G07F7', 'G09C1', 'H04L9', 'G06Q20', 'G06Q30', 'G06Q30', 'G06Q20', 'G06Q20', 'G06Q20', 'G06Q20', 'G06Q20', 'G06Q30', 'G06Q20', 'G06Q20', 'G06Q20', 'G06Q20', 'G06Q20', 'H04L12', 'H04L12', 'H04L29', 'G06Q20', 'G06Q20', 'H04L9', 'H04L9', 'H04L29', 'G06Q20', 'G06Q20', 'G06Q20', 'G06Q20', 'H04L9', 'G06Q20', 'G06Q40', 'G06Q20', 'G06Q20', 'G06Q20', 'H04L12', 'G06F17', 'G06F17', 'G06Q20', 'G06Q20', 'G06Q30', 'G06Q20', 'G06Q20', 'G06Q20', 'G06Q20', 'G06F17', 'G06Q20', 'G06Q20', 'G06Q40', 'H04L9', 'H04L9', 'G06Q20', 'G06Q20', 'H04B1', 'H04L29', 'H04W12', 'G06F17', 'H04L29', 'H04L29', 'G06Q20', 'H04L9', 'H04L9', 'H04L9', 'H04L9', 'H04L29', 'G06F9', 'H04L9', 'H04L9', 'H04L9', 'H04L9', 'G06K5', 'G07F7', 'H04L9', 'H04W12', 'G06Q20', 'G06Q20', 'G06Q20', 'G06Q20', 'G06Q20', 'G06Q20', 'G06F1', 'G06Q20', 'G06Q20', 'G06Q20', 'G06Q20', 'G06Q20', 'H04L9', 'H04L29', 'G06Q20', 'G06Q20', 'G06Q20', 'G06Q20', 'G06Q20', 'G06Q20', 'G06Q40', 'H04L12', 'G06Q20', 'G06Q20', 'G06Q20', 'G06Q20', 'G06Q20', 'H04L9', 'H04L9', 'H04L29', 'G06F3', 'G06F3', 'G06F9', 'G06Q20', 'G06Q20', 'G06Q20', 'G06Q20', 'G06Q20', 'G06Q20', 'G06Q30', 'G06Q40', 'G06Q40', 'G06Q50', 'H04L9', 'H04L29', 'G06Q20', 'G06Q20', 'G06Q20']"
20,Pyramidion Cryptocurrency,DANNER DAMON D [US],DANNER DAMON D [US],US2022058596A1,2020-08-19,"['G06Q20/06', 'G06Q20/36', 'G06Q20/38']","['G06Q20/065 (EP,US)', 'G06Q20/363 (US)', 'G06Q20/381 (US)', 'G06Q20/3825 (US)', 'G06Q20/3827 (US)']",2022-02-24,2022-02-24,80270883,2022-02-24,,US2022058596A1,,US,,2022,2020,US,['US'],['US2022058596A1'],COMPUTING CALCULATING OR COUNTING,"['Computer Science', 'Mathematics']",DANNER DAMON D [US],,Individual Inventor,Unknown,5,28000,"['US2013218719A1', 'US2017287073A1', 'US10068228B1', 'US2020226629A1', 'US2021049685A1', 'US2021357917A1']","['G06Q30', 'G06Q40', 'G06Q40', 'G06Q20', 'G06Q20', 'G06Q20', 'G06F16', 'G06Q20', 'G06Q30', 'G06Q40', 'G06Q20', 'G06Q20', 'G06Q40', 'G06Q40', 'G06Q20', 'G06Q20']"
29,SYSTEM FOR OPERATING ELECTRONIC COMMERCE BASED ON BLOCK CHAIN,CHOI YONG RIM [KR],IDEACOMES CO LTD [KR],KR20200069194A,2018-12-06,"['G06Q20/06', 'G06Q20/36', 'G06Q20/38']","['G06Q20/065 (KR)', 'G06Q20/36 (KR)', 'G06Q20/381 (KR)', 'G06Q20/385 (KR)']",2020-06-16,2020-06-16,71141800,2020-06-16,,KR20200069194A,,KR,,2020,2018,KR,['KR'],['KR20200069194A'],COMPUTING CALCULATING OR COUNTING,"['Computer Science', 'Mathematics']",IDEACOMES CO LTD [KR],,Company - Limited,Unknown,7,16500,['KR101591244B1'],"['G06Q30', 'G06Q30']"
9,DISPOSAL OF REFRIGERATION APPLIED IN MACHINES OR EQUIPMENT OR KITS FOR MINING CRYPTOCURRENCIES AND/OR FOR DATA PROCESSING,VULLO JOSE AUGUSTO [AR],VULLO JOSE AUGUSTO [AR],US2023418345A1,2022-06-22,"['G06F1/20', 'H05K7/20']","['G06F1/183 (EP)', 'G06F1/20 (EP,US)', 'H05K7/20172 (US)', 'H05K7/20727 (EP)']",2023-12-28,2023-12-28,89324612,2023-12-28,,US2023418345A1,,US,,2023,2022,AR,['US'],['US2023418345A1'],COMPUTING CALCULATING OR COUNTING,"['Computer Science', 'Mathematics']",VULLO JOSE AUGUSTO [AR],,Individual Inventor,Unknown,3,16500,"['US6061237A', 'US6324056B1', 'US6501650B2', 'US7167359B2', 'US2009097204A1', 'US7643286B2', 'US2010077252A1', 'US2010296237A1', 'US2012201001A1', 'US2012287571A1', 'US9474190B1', 'US2018359878A1', 'US2020084919A1', 'US10672430B2', 'CN113157062A', 'US11659682B2', 'US11907029B2']","['G06F1', 'H05K7', 'G06F1', 'H05K7', 'G06F1', 'G11B33', 'G11B33', 'H05K5', 'H01R12', 'H05K7', 'H05K7', 'H05K5', 'G06F11', 'G06F11', 'G06F1', 'H05K7', 'G06F1', 'H05K7', 'G06F1', 'G06F1', 'H05K7', 'H05K7', 'H05K7', 'G06F1', 'H01R12', 'H05K7', 'H05K7', 'G06F1', 'G11B33', 'G11B33', 'G11B33', 'H05K7', 'G11B25', 'G06F1', 'G06F1', 'G06F1', 'F02B63', 'G06F1', 'G06F1', 'G06F15', 'H02K9', 'H04L9', 'H05K7', 'H05K7', 'F01P1', 'H04L9', 'G05B15', 'G06F1', 'H05K7', 'H05K7']"
