No,Title,Inventors,Publication number,Earliest priority,IPC,CPC,Publication date,Earliest publication,Family number,first publication date,second publication date,first publication number,second publication number,first publication country,second publication country,first filing year,earliest priority year,applicant country,first applicant,second applicant,first applicant type,second applicant type,Patent Age,patent cost,Patent Value,Market Rate,Mean Value
1,Plug-in hybrid vehicle with fast energy storage,"BENDER DONALD A [US] 
DESHMANE ATUL [US] 
MEANS ANDREW E [US]",US2006250902A1,2005-05-05,['H04B1/20'],"['B60K6/20 (KR)', 'B60K6/28 (KR)', 'B60K6/30 (EP,US)', 'B60K6/46 (EP,US)', 'B60K6/48 (EP,US)', 'B60K6/52 (EP,US)', 'B60K6/54 (EP,US)', 'B60L15/007 (EP,US)', 'B60L50/15 (EP,US)', 'B60L50/16 (EP,US)', 'B60L50/61 (EP,US)', 'B60L50/62 (EP,US)', 'B60L53/14 (EP,US)', 'B60L53/30 (EP,US)', 'B60L55/00 (EP,US)', 'B60L58/20 (EP,US)', 'H04B1/20 (KR)', 'B60K1/02 (EP,US)', 'B60L2260/28 (EP,US)', 'Y02E60/00 (EP,US)', 'Y02T10/62 (EP,US)', 'Y02T10/64 (EP,US)', 'Y02T10/70 (EP,US)', 'Y02T10/7072 (EP,US)', 'Y02T90/12 (EP,US)', 'Y02T90/14 (EP,US)', 'Y02T90/16 (US)', 'Y04S10/126 (EP,US)']",2006-11-09,2006-11-09,37397092,2006-11-09,,US2006250902A1,,US,,2006,2005,US,AFS TRINITY POWER CORP [US],,Company - General,Unknown,20,1500.0,1500.0,5190.485829959514,5190.485829959514
2,Electric vehicle wireless charging system through hydrogen power generation,SON JEONG KI [KR],KR20230163874A,2022-05-24,"['B60L53/12', 'B60L53/38', 'B60L53/54', 'B60L53/66', 'B60L53/68', 'G06Q20/14', 'G06Q50/30']","['B60L53/12 (KR)', 'B60L53/38 (KR)', 'B60L53/54 (KR)', 'B60L53/665 (KR)', 'B60L53/68 (KR)', 'G06Q20/145 (KR)', 'G06Q50/40 (KR)', 'B60Y2200/91 (KR)', 'Y02T90/12 (KR)']",2023-12-01,2023-12-01,89124565,2023-12-01,,KR20230163874A,,KR,,2023,2022,KR,SON JEONG KI [KR],,Individual Inventor,Unknown,3,4000.0,4000.0,5190.485829959514,5190.485829959514
3,Electric vehicle charging system using hydrogen fuel cell,HONG SEONG HO,KR102511391B1,2022-09-20,"['B60L3/00', 'B60L53/16', 'B60L53/51', 'B60L53/54', 'B60L53/57', 'B60L58/30', 'H01M8/04082', 'H05K7/20']",['Y02T10/70 (EP)'],2023-03-20,2023-03-20,85796535,2023-03-20,,KR102511391B1,,KR,,2023,2022,KR,HOGREENAIR CO LTD [KR],,Company - Limited,Unknown,3,4000.0,4000.0,5190.485829959514,5190.485829959514
4,BATTERY-CHARGING SYSTEM FOR AN ELECTRIC VEHICLE,CHUNG YON JONG [KR],"WO2011019133A2 
WO2011019133A3",2009-08-13,"['B60L11/18', 'B60W10/24', 'H02J7/00']","['B60K6/46 (EP)', 'B60L15/2045 (EP)', 'B60L58/12 (EP,US)', 'B60W10/06 (EP)', 'B60W10/08 (EP)', 'B60W10/24 (KR,US)', 'B60W20/00 (EP)', 'B60W20/12 (EP,US)', 'H02J5/00 (US)', 'H02J7/00 (KR)', 'H02J7/02 (EP,US)', 'B60L2240/24 (EP)', 'B60L2240/26 (EP)', 'B60L2240/62 (EP)', 'B60L2240/622 (EP)', 'B60L2240/68 (EP)', 'B60L2260/54 (EP)', 'B60L2260/56 (EP)', 'B60W2050/0025 (EP)', 'B60W2050/0031 (EP)', 'B60W2050/146 (EP)', 'B60W2510/244 (EP)', 'B60W2530/10 (EP)', 'B60W2540/10 (EP)', 'B60W2540/12 (EP)', 'B60W2540/18 (EP)', 'B60W2554/00 (EP)', 'B60W2556/50 (EP)', 'Y02T10/62 (EP)', 'Y02T10/64 (EP)', 'Y02T10/70 (EP)', 'Y02T10/72 (EP)', 'Y02T90/16 (EP)']","2011-02-17 
2011-04-07",2010-03-25,42183715,2011-02-17,2011-04-07,WO2011019133A2,WO2011019133A3,WO,WO,2011,2009,KR,CHUNG YON JONG [KR],,Individual Inventor,Unknown,16,5300.0,5300.0,5190.485829959514,5190.485829959514
5,ESS SYSTEM FOR CHARGING FUEL CELL ELECTRIC VEHICLE AND ELECTRIC VEHICLE,"MUN TAEEUN [KR] 
CHAE HO BYUNG [KR] 
SHIN JONG HOON [KR]",US2022140365A1,2020-11-02,"['H01M16/00', 'H01M8/04828', 'H02J7/34']","['B60K15/03006 (KR)', 'B60L53/20 (KR)', 'B60L53/50 (KR)', 'B60L58/12 (KR)', 'B60L58/31 (KR)', 'H01M10/425 (EP)', 'H01M16/003 (US)', 'H01M16/006 (EP,KR)', 'H01M8/0494 (EP,US)', 'H01M8/04992 (EP)', 'H01M8/186 (KR)', 'H02J7/34 (EP,KR,US)', 'B60K2015/03315 (KR)', 'B60L2210/30 (KR)', 'B60Y2200/91 (KR)', 'H01M2010/4271 (EP)', 'H01M2220/10 (EP,KR)', 'H01M2220/20 (EP)', 'H01M2250/10 (EP,KR)', 'H01M2250/20 (EP,US)', 'H01M8/0494 (KR)', 'H02J2207/20 (EP,KR)', 'H02J2300/30 (EP)', 'Y02E60/10 (EP)', 'Y02E60/36 (EP)', 'Y02E60/50 (EP)', 'Y02T10/70 (EP,KR)', 'Y02T10/7072 (EP)', 'Y02T90/12 (EP)', 'Y02T90/14 (EP)', 'Y02T90/40 (EP,KR)']",2022-05-05,2021-03-17,75243546,2022-05-05,,US2022140365A1,,US,,2022,2020,KR,SIGNET EV INC [KR] ,SIGNET ENERGY [KR],Company - Incorporated/Corporation,Energy Company,5,7000.0,7000.0,5190.485829959514,5190.485829959514
6,Method for quickly charging electric vehicle lead-acid storage battery,"CHENG HUANGREN 
HAN YIXI 
LI QINGBAO 
ZHAO XI",CN108550935A,2018-04-19,['H01M10/44'],"['H01M10/445 (CN)', 'Y02E60/10 (EP)']",2018-09-18,2018-09-18,63515557,2018-09-18,,CN108550935A,,CN,,2018,2018,,TIANJIN YADI IND CO LTD,,Company - Limited,Unknown,7,2000.0,2000.0,5190.485829959514,5190.485829959514
7,Stable Charging Device for Methanol Hydrogen Production Electric Vehicle,CHEN JIEPING,"CN109263516A 
CN109263516B",2018-10-30,"['B60L58/31', 'H01M8/04082', 'H01M8/0612']","['H01M8/04201 (CN)', 'H01M8/0618 (CN)', 'H01M8/0625 (CN)', 'Y02E60/50 (EP)', 'Y02T90/40 (EP)']","2019-01-25 
2024-03-15",2019-01-25,65194032,2019-01-25,2024-03-15,CN109263516A,CN109263516B,CN,CN,2019,2018,,ZHEJIANG QINGGU NEW ENERGY AUTOMOBILE CO LTD,,Company - Limited,Unknown,7,2000.0,2000.0,5190.485829959514,5190.485829959514
8,AUTOMATIC CHARGING SYSTEM FOR ELECTRIC VEHICLE,CHEN WEN-LO [TW],US2013093378A1,2011-10-17,['H02J7/00'],"['B60L50/72 (EP,US)', 'B60L58/40 (EP,US)', 'B60L8/00 (EP,US)', 'C25B1/04 (EP,US)', 'C25B15/02 (EP,US)', 'C25B15/08 (EP,US)', 'H01M16/003 (EP,US)', 'H01M16/006 (EP,US)', 'H01M8/0656 (EP,US)', 'H01M2220/20 (EP,US)', 'H01M2250/20 (EP,US)', 'H02J2310/48 (EP)', 'Y02E60/10 (EP)', 'Y02E60/36 (EP,US)', 'Y02E60/50 (EP)', 'Y02T10/70 (EP)', 'Y02T10/7072 (EP,US)', 'Y02T90/40 (EP,US)']",2013-04-18,2013-04-18,48085546,2013-04-18,,US2013093378A1,,US,,2013,2011,TW,CHEN WEN-LO [TW],,Individual Inventor,Unknown,14,1500.0,1500.0,5190.485829959514,5190.485829959514
9,Motor driving and lithium battery charging integrated system of hybrid electric vehicle,"CHEN JING 
TIAN SHAOPENG 
XIAO CHUN 
WANG YUNING 
YANG CAN 
QIN GUOFENG 
LI ZHIHUA 
GUO ZHENGYANG",CN214240460U,2020-12-10,"['B60L50/75', 'B60L58/40', 'H02J7/02', 'H02P27/06']","['Y02T10/64 (EP)', 'Y02T10/70 (EP)', 'Y02T90/40 (EP)']",2021-09-21,2021-09-21,77737375,2021-09-21,,CN214240460U,,CN,,2021,2020,,FOSHAN XIANHU LABORATORY,,University/Research Institution,Unknown,5,2000.0,2000.0,5190.485829959514,5190.485829959514
10,Automatic charging device for battery module of electric vehicle,CHEN WEN-LE [TW],TW201310755A,2011-08-18,"['B60L11/18', 'H01M2/36', 'H01M8/04']","['Y02E60/50 (EP)', 'Y02T10/70 (EP)']",2013-03-01,2013-03-01,48482101,2013-03-01,,TW201310755A,,TW,,2013,2011,TW,CHEN WEN-LE [TW],,Individual Inventor,Unknown,14,4000.0,4000.0,5190.485829959514,5190.485829959514
11,Motor driving and lithium battery charging integrated method for hybrid electric vehicle,"CHEN JING 
TIAN SHAOPENG 
XIAO CHUN 
WANG YUNING 
YANG CAN 
QIN GUOFENG 
LI ZHIHUA 
GUO ZHENGYANG",CN112606713A,2020-12-10,"['B60L50/75', 'B60L58/40', 'H02J7/02', 'H02P27/06']","['B60L50/75 (CN)', 'B60L58/40 (CN)', 'H02J7/02 (CN)', 'H02P27/06 (CN)', 'B60L2210/10 (CN)', 'B60L2210/30 (CN)', 'Y02T10/64 (EP)', 'Y02T10/70 (EP)', 'Y02T90/40 (EP)']",2021-04-06,2021-04-06,75232631,2021-04-06,,CN112606713A,,CN,,2021,2020,,FOSHAN XIANHU LABORATORY,,University/Research Institution,Unknown,5,2000.0,2000.0,5190.485829959514,5190.485829959514
12,HYDROGEN HYBRID ELECTRIC VEHICLE,"AHMAD REZAL KHAIRI BIN [MY] 
ZOLKIPLI MOHAMAD HAFIZ BIN [MY] 
ABDULLAH MOHAMAD SHAZWAN BIN [MY] 
SULAIMAN MOHD TAUFIK BIN [MY] 
PARDAMAN SINGH JAGJEET SINGH A/L [MY]",WO2023128748A1,2021-12-27,"['B60K6/26', 'B60K6/28', 'B60L15/20', 'B60L53/24', 'B60L58/40']","['B60K6/28 (EP)', 'B60K6/32 (EP)', 'B60K6/48 (EP)', 'B60L50/40 (EP)', 'B60L58/12 (EP)', 'B60L58/40 (EP)', 'H01M10/0525 (EP)', 'H01M16/003 (EP)', 'H01M16/006 (EP)', 'H01M4/583 (EP)', 'H01M8/0606 (EP)', 'H01M8/1004 (EP)', 'H01M2220/20 (EP)', 'H01M2250/20 (EP)', 'Y02T10/70 (EP)', 'Y02T90/40 (EP)']",2023-07-06,2023-07-06,86999818,2023-07-06,,WO2023128748A1,,WO,,2023,2021,MY,NANOMALAYSIA BERHAD [MY],,Material Science/Nanotechnology Company,Unknown,4,12000.0,12000.0,5190.485829959514,5190.485829959514
13,Control method and system for charging electric vehicle by hydrogen fuel cell generator,"XIANG HUA 
YANG WEITAO",CN110015205A,2017-11-29,['B60L58/30'],"['B60L58/30 (CN)', 'Y02T90/40 (EP)']",2019-07-16,2019-07-16,67186523,2019-07-16,,CN110015205A,,CN,,2019,2017,,GUANGDONG HYDROGEN ENERGY SCIENCE & TECH CO LTD,,Company - Limited,Unknown,8,2000.0,2000.0,5190.485829959514,5190.485829959514
14,BATTERY CONTROL DEVICE FOR ELECTRIC VEHICLE,"ARAI YOICHI 
SHIMOYAMA KENICHI",JPH11162523A,1997-11-28,"['B60L11/18', 'B60L3/00', 'H01M10/42', 'H02J7/00', 'B60L11/18', 'B60L3/00', 'H01M10/42', 'H02J7/00']","['Y02E60/10 (EP)', 'Y02T10/70 (EP)']",1999-06-18,1999-06-18,18217822,1999-06-18,,JPH11162523A,,JP,,1999,1997,,YAZAKI CORP,,Company - General,Unknown,28,23000.0,23000.0,5190.485829959514,5190.485829959514
15,SYSTEM AND METHDO FOR CONTROLLING HYDROGEN ELECTRIC VEHICLE FOR USING AUXILIARY BREAK,SHIN JIN CHEOL,KR20210053589A,2019-11-04,"['B60L58/12', 'B60L58/40', 'B60L7/10', 'B60T13/74']","['B60L58/12 (KR)', 'B60L58/40 (KR)', 'B60L7/10 (KR)', 'B60T13/74 (KR)', 'B60L2240/62 (KR)', 'B60T2201/03 (KR)', 'B60T2270/60 (KR)', 'B60Y2200/91 (KR)', 'Y02T10/70 (EP,KR)', 'Y02T10/72 (EP)']",2021-05-12,2021-05-12,75918832,2021-05-12,,KR20210053589A,,KR,,2021,2019,KR,HYUNDAI MOTOR CO LTD [KR] ,KIA CORP [KR],Company - Limited,Company - General,6,4000.0,4000.0,5190.485829959514,5190.485829959514
16,New energy electric vehicle charging pile for city,"XU XIJIE 
YUAN PENGFEI","CN108674229A 
CN108674229B",2018-05-24,"['B60S5/02', 'B60L50/53', 'B60L53/31', 'B60L53/51', 'H02J7/00']","['B60L53/14 (CN)', 'B60L53/30 (CN)', 'B60L53/31 (CN)', 'B60L53/51 (CN)', 'B60S5/02 (CN)', 'Y02T10/70 (EP)', 'Y02T10/7072 (EP)', 'Y02T90/12 (EP)', 'Y02T90/14 (EP)']","2018-10-19 
2019-11-19",2018-10-19,63808137,2018-10-19,2019-11-19,CN108674229A,CN108674229B,CN,CN,2018,2018,,TAIZHOU LIWEI ENVIRONMENTAL PROTECTION TECH CO LTD,,Company - Limited,Unknown,7,2000.0,2000.0,5190.485829959514,5190.485829959514
17,System and Method for Renewable Energy Based EV Charging and Hydrogen Fueling,"JORGENSON JOEL A [US] 
JORGENSON ADAM C [US] 
NELSON THOMAS W [US] 
HAALAND NEAL O [US]",US2023256848A1,2022-02-11,"['B60L53/54', 'B60L53/65', 'B60L53/68', 'B60S5/02', 'C25B1/04', 'C25B15/08', 'H01M10/44', 'H01M8/04082', 'H01M8/0438', 'H01M8/04537', 'H01M8/04858', 'H01M8/0656']","['B60L53/305 (EP)', 'B60L53/51 (EP)', 'B60L53/52 (EP)', 'B60L53/54 (EP,US)', 'B60L53/65 (US)', 'B60L53/68 (EP,US)', 'B60S5/02 (US)', 'C25B1/04 (EP,US)', 'C25B15/08 (US)', 'H01M10/44 (EP,US)', 'H01M16/006 (EP)', 'H01M8/04201 (EP,US)', 'H01M8/04425 (EP,US)', 'H01M8/04626 (EP,US)', 'H01M8/04947 (EP,US)', 'H01M8/0656 (EP,US)', 'B60L2210/40 (US)', 'C25B15/00 (EP)', 'H01M2220/20 (EP,US)', 'H01M2250/10 (EP,US)', 'H01M2250/20 (EP,US)', 'Y02T10/70 (EP)', 'Y02T10/7072 (EP)']",2023-08-17,2023-08-17,87560027,2023-08-17,,US2023256848A1,,US,,2023,2022,US,BWR INNOVATIONS LLC [US],,Company - General,Unknown,3,3500.0,3500.0,5190.485829959514,5190.485829959514
18,Off-grid electric vehicle charging pile based on ammonia-hydrogen conversion,"JING DENGWEI 
WANG WEIDING 
SU JINZHAN 
LIU MAOCHANG 
JIANG BIAO 
ZHANG XIAOHAN 
SHI JINWEN",CN117124905A,2023-08-30,"['B60L53/54', 'B60L53/57', 'H01M8/0606']","['B60L53/54 (CN)', 'B60L53/57 (CN)', 'H01M8/0606 (CN)']",2023-11-28,2023-11-28,88861021,2023-11-28,,CN117124905A,,CN,,2023,2023,,UNIV XI AN JIAOTONG,,University/Research Institution,Unknown,2,4000.0,4000.0,5190.485829959514,5190.485829959514
19,Vehicle charging system capable of hydrogen and electric charging,HONG SEONG HO,KR102511398B1,2022-09-20,"['B60L3/00', 'B60L53/16', 'B60L53/51', 'B60L53/54', 'B60L53/57', 'B60L58/30', 'H01M8/04082', 'H05K7/20']","['Y02T10/70 (EP)', 'Y02T10/7072 (EP)']",2023-03-20,2023-03-20,85796445,2023-03-20,,KR102511398B1,,KR,,2023,2022,KR,HOGREENAIR CO LTD [KR],,Company - Limited,Unknown,3,4000.0,4000.0,5190.485829959514,5190.485829959514
20,Hydrogen plug-in hybrid electric vehicle,"TAN PIQIANG 
YAO CHAOJIE",CN115431743A,2022-09-22,"['B60K15/01', 'B60K15/03', 'B60K6/32']","['B60K15/013 (CN)', 'B60K15/03006 (CN)', 'B60K6/32 (CN)', 'B60K2015/03315 (CN)']",2022-12-06,2022-12-06,84250059,2022-12-06,,CN115431743A,,CN,,2022,2022,,UNIV TONGJI,,University/Research Institution,Unknown,3,4000.0,4000.0,5190.485829959514,5190.485829959514
21,Method and means for electric vehicle battery charging,VAANANEN MIKKO KALERVO [FI],US2022258626A1,2021-02-17,"['B60L50/60', 'B60L53/14', 'H01B12/04', 'H01B12/12', 'H01M50/522']","['B60L50/60 (US)', 'B60L53/14 (US)', 'B60L53/18 (EP)', 'B60L53/302 (EP)', 'H01B12/04 (US)', 'H01B12/12 (US)', 'H01M50/522 (EP,US)', 'H01B12/16 (EP,US)', 'H01M2220/20 (EP,US)', 'H10N60/855 (US)', 'H10N60/857 (US)']",2022-08-18,2022-08-18,82801023,2022-08-18,,US2022258626A1,,US,,2022,2021,FI,VAANANEN MIKKO KALERVO [FI],,Individual Inventor,Unknown,4,3500.0,3500.0,5190.485829959514,5190.485829959514
22,Wind-light-electricity-hydrogen storage integrated charging and hydrogen charging system for expressway electric vehicle,"GUO WENLI 
GUO YEHENG 
KONG RUILEI 
LI PENGCHENG 
WANG MOLI",CN113085622A,2021-03-15,"['B60L53/31', 'B60L53/51', 'B60L53/52', 'F17C13/00', 'F17C5/06', 'F17C7/00', 'F17D1/04', 'F17D1/07', 'F17D1/20', 'H01M8/04082', 'H02J15/00']","['B60L53/31 (CN)', 'B60L53/51 (CN)', 'B60L53/52 (CN)', 'F17C13/00 (CN)', 'F17C5/06 (CN)', 'F17C7/00 (CN)', 'F17D1/04 (CN)', 'F17D1/07 (CN)', 'F17D1/20 (CN)', 'H01M8/04201 (CN)', 'H02J15/008 (CN)', 'F17C2221/012 (CN)', 'F17C2223/0123 (CN)', 'F17C2225/0123 (CN)', 'F17C2227/0157 (CN)', 'F17C2265/065 (CN)', 'Y02E60/32 (EP)', 'Y02E60/34 (EP)', 'Y02E60/36 (EP)', 'Y02E60/50 (EP)', 'Y02E70/30 (EP)', 'Y02T10/70 (EP)', 'Y02T10/7072 (EP)', 'Y02T10/72 (EP)', 'Y02T90/12 (EP)']",2021-07-09,2021-07-09,76667189,2021-07-09,,CN113085622A,,CN,,2021,2021,,HENAN HENGJU NEW ENERGY EQUIPMENT CO LTD,,Company - Limited,Unknown,4,4000.0,4000.0,5190.485829959514,5190.485829959514
23,Electric vehicle battery and vehicle body separated centralized charging method,DONG SHE,CN115158041A,2022-06-20,"['B60L50/60', 'B60L53/80', 'H02J7/00']","['B60L50/66 (CN)', 'B60L53/80 (CN)', 'H02J7/0045 (CN)', 'Y02T10/70 (EP)', 'Y02T10/7072 (EP)']",2022-10-11,2022-10-11,83486596,2022-10-11,,CN115158041A,,CN,,2022,2022,,DONG SHE,,Individual Inventor,Unknown,3,4000.0,4000.0,5190.485829959514,5190.485829959514
24,Intelligent dual -driving -force assembly for battery electric vehicle,"ZHANG YONG 
WANG LIN 
MENG JIANBO 
LI LEI",CN206374543U,2016-07-29,"['B60K1/02', 'B60K17/02', 'B60K17/06', 'B60L11/18', 'B60L15/20', 'B60L15/32']","['Y02T10/70 (EP)', 'Y02T10/72 (EP)']",2017-08-04,2017-08-04,59402643,2017-08-04,,CN206374543U,,CN,,2017,2016,,BEIJING ZHONGRUI PUDE CREATIVE TECH DEVELOPMENT CO LTD,,Company - Limited,Unknown,9,2000.0,2000.0,5190.485829959514,5190.485829959514
25,BATTERY CONTROL DEVICE FOR ELECTRIC VEHICLE,"ARAI YOICHI 
SHIMOYAMA KENICHI 
MAEMOTO TOSHIFUMI",JPH11164401A,1997-11-28,"['B60L11/18', 'B60L3/00', 'H01M10/42', 'H02J7/00', 'B60L50/64', 'H01M10/42', 'H01M10/48', 'H02J7/00', 'H01M10/52', 'H01M2/10', 'H01M2/12']","['B60L3/0046 (EP,US)', 'B60L50/64 (EP,US)', 'B60L53/14 (EP,US)', 'B60L58/10 (EP,US)', 'B60L58/15 (EP,US)', 'B60L58/26 (EP)', 'H01M10/48 (EP,US)', 'H01M50/249 (EP,US)', 'H01M10/52 (EP,US)', 'H01M10/613 (EP,US)', 'H01M10/625 (EP,US)', 'H01M10/63 (EP,US)', 'H01M10/6563 (EP,US)', 'H01M50/30 (EP,US)', 'Y02E60/10 (EP)', 'Y02T10/70 (EP,US)', 'Y02T10/7072 (EP,US)', 'Y02T90/14 (EP,US)', 'Y02T90/16 (EP,US)']",1999-06-18,1999-06-18,18212376,1999-06-18,,JPH11164401A,,JP,,1999,1997,,YAZAKI CORP ,MAZDA MOTOR,Company - General,Automotive Manufacturer,28,23000.0,23000.0,5190.485829959514,5190.485829959514
26,APPARATUS AND METHOD USING HYDROGEN PRESSURE IN FUEL CELL ELECTRIC VEHICLE,"MAJAROV KONSTANTIN S [US] 
O'MEARA THOMAS P [US]","US2010304228A1 
US8153309B2",2009-05-27,"['F02B63/00', 'H01M8/04', 'H01M8/06']","['F01B1/02 (EP,US)', 'F01B17/02 (EP,US)', 'H01M8/04067 (EP,US)', 'H01M8/04089 (EP,US)', 'H01M2250/20 (EP,US)', 'H01M2250/402 (EP,US)', 'H01M2250/407 (EP,US)', 'Y02B90/10 (EP,US)', 'Y02E60/50 (EP,US)', 'Y02T90/40 (EP,US)']","2010-12-02 
2012-04-10",2010-12-02,43220607,2010-12-02,2012-04-10,US2010304228A1,US8153309B2,US,US,2010,2009,US,GM GLOBAL TECH OPERATIONS INC [US] ,"MAJAROV KONSTANTIN S [US] 
O'MEARA THOMAS P [US]",Company - Incorporated/Corporation,Individual Inventor,16,1500.0,1500.0,5190.485829959514,5190.485829959514
27,Hydrogen fuel cell integrated fast electric vehicle charger,HA JAE CHUNG [KR],"KR102352048B1 
KR20210148470A",2020-05-28,"['B60L53/10', 'B60L53/24', 'B60L53/66', 'H02H5/04', 'H02H7/18', 'H02M3/00', 'H02M7/44']","['B60L53/11 (KR)', 'B60L53/24 (KR)', 'B60L53/665 (KR)', 'H01M8/0494 (KR)', 'H01M8/04947 (KR)', 'H02H5/041 (KR)', 'H02H7/18 (KR)', 'H02M3/00 (KR)', 'H02M7/44 (KR)', 'B60L2210/10 (KR)', 'B60L2210/40 (KR)', 'B60L2250/16 (KR)', 'B60Y2200/91 (KR)', 'H01M2250/20 (KR)', 'Y02E60/50 (EP,KR)', 'Y02T10/70 (EP,KR)', 'Y02T10/7072 (EP,KR)', 'Y02T10/72 (KR)', 'Y02T90/12 (EP)', 'Y02T90/14 (EP)', 'Y02T90/16 (EP)', 'Y02T90/167 (KR)']","2021-12-08 
2022-01-17",2021-12-08,78867662,2021-12-08,2022-01-17,KR102352048B1,KR20210148470A,KR,KR,2021,2020,KR,HA JAE CHUNG [KR],,Individual Inventor,Unknown,5,4000.0,4000.0,5190.485829959514,5190.485829959514
28,HYBRID PLUG-IN BATTERY AND HYDROGEN FUEL ENGINE VEHICLE WITH SWAPPABLE HYDROGEN TANKS AND METHOD FOR MODULAR HYDROGEN STORAGE AND TRANSPORTATION AND DISTRIBUTION,WANG YONGHUA [US],"US12005772B2 
US2022402354A1",2021-06-17,"['B60K15/01', 'B60K15/03', 'F02B43/10', 'H01M10/42', 'H01M10/44', 'H01M10/46', 'H02J7/35', 'B60K15/00', 'F02B13/10']","['B60K15/00 (US)', 'B60K15/01 (EP,US)', 'B60K15/013 (EP)', 'B60K15/03 (US)', 'B60K15/03006 (EP)', 'B60K15/07 (CN)', 'B60K6/24 (CN)', 'B60K6/28 (CN)', 'B60L50/71 (EP)', 'B60L50/72 (EP)', 'B60L50/75 (EP)', 'B60L8/003 (CN)', 'F02B13/10 (US)', 'F02B43/10 (US)', 'H01M10/4257 (US)', 'H01M10/44 (US)', 'H01M10/465 (EP,US)', 'H01M50/249 (EP)', 'H01M8/04201 (EP)', 'H01M8/0656 (EP)', 'H01M8/1007 (EP)', 'H02J15/008 (EP)', 'H02J7/35 (EP,US)', 'B60K2015/03118 (CN)', 'B60K2015/03184 (EP,CN,US)', 'B60K2015/03315 (EP,CN,US)', 'C25B1/04 (EP)', 'C25B15/00 (EP)', 'F02B2043/106 (US)', 'H01M2010/4278 (US)', 'H01M2220/20 (EP,US)', 'H01M2250/20 (EP)', 'H02J2300/30 (EP)', 'H02J2310/48 (EP)', 'Y02E60/36 (US)']","2022-12-22 
2024-06-11",2022-12-22,84489982,2022-12-22,2024-06-11,US12005772B2,US2022402354A1,US,US,2022,2021,US,WANG YONGHUA [US],,Individual Inventor,Unknown,4,3500.0,3500.0,5190.485829959514,5190.485829959514
29,Pure electric vehicle powered by hydrogen energy,LIANG XINYAN,CN103350650A,2013-06-25,"['B60K1/00', 'B60L11/18', 'B60L15/00']","['Y02T10/70 (EP)', 'Y02T10/72 (EP)']",2013-10-16,2013-10-16,49307103,2013-10-16,,CN103350650A,,CN,,2013,2013,,CHERY AUTOMOBILE CO LTD,,Company - Limited,Unknown,12,4000.0,4000.0,5190.485829959514,5190.485829959514
30,Charging system capable of preventing electric vehicle from moving during charging,"LU SHIMIN 
DOU WANKUN 
XU WENQING 
ZHU HONGJUN",CN108621843A,2018-05-10,['B60L3/00'],"['B60L3/00 (CN)', 'B60L53/00 (CN)', 'B60L53/60 (CN)', 'B60L2200/12 (CN)', 'Y02T10/70 (EP)', 'Y02T10/7072 (EP)', 'Y02T10/72 (EP)', 'Y02T90/12 (EP)', 'Y02T90/14 (EP)']",2018-10-09,2018-10-09,63692409,2018-10-09,,CN108621843A,,CN,,2018,2018,,JIANGSU KINGBON VEHICLE CO LTD,,Company - Limited,Unknown,7,2000.0,2000.0,5190.485829959514,5190.485829959514
31,"ELECTRIC VEHICLE CHARGING SYSTEM USING MOBILE, FAST AND CLEAN ENERGY",CELIK AHMET OZAN [TR],WO2023146504A1,2021-01-28,"['B60L53/51', 'B60L53/66', 'B60L7/10', 'H02J7/35']","['B60L53/51 (EP)', 'B60L53/53 (EP)', 'B60L53/665 (EP)', 'B60L7/10 (EP)', 'H02J7/342 (EP)', 'H02J7/35 (EP)', 'Y02T10/70 (EP)', 'Y02T10/7072 (EP)', 'Y02T90/12 (EP)']",2023-08-03,2022-08-04,82653775,2023-08-03,,WO2023146504A1,,WO,,2023,2021,TR,ESKISEHIR TEKNIK UNIV [TR],,University/Research Institution,Unknown,4,12000.0,12000.0,5190.485829959514,5190.485829959514
32,BATTERY CHARGING DEVICE IN ELECTRIC VEHICLE,KIYOMIYA SHIGERU,JP2005100746A,2003-09-24,"['B60L11/18', 'B60L3/00', 'H01M10/44', 'B60L11/18', 'B60L3/00', 'H01M10/44']","['Y02E60/10 (EP)', 'Y02T10/70 (EP)']",2005-04-14,2005-04-14,34460162,2005-04-14,,JP2005100746A,,JP,,2005,2003,,KOMATSU FORKLIFT,,Individual Inventor,Unknown,22,23000.0,23000.0,5190.485829959514,5190.485829959514
33,Energy independent type hydrogen energy power generation system for supplying power to electric vehicle charging pile,"KWON SOON-PYO 
KIM JONG-HWA",CN115706254A,2021-08-04,"['B60L53/31', 'B60L53/51', 'B60L53/54', 'C02F1/461', 'C02F9/00', 'C25B1/04', 'H01M8/22', 'C02F103/08']",['unkown)'],2023-02-17,2023-02-17,85178622,2023-02-17,,CN115706254A,,CN,,2023,2021,,KWATERCRAFT CO LTD,,Company - Limited,Unknown,4,4000.0,4000.0,5190.485829959514,5190.485829959514
34,Water-hydrogen plug-in hybrid electric vehicle,"XIANG HUA 
LI WENXIA",CN108258270A,2016-12-28,"['B60K6/32', 'H01M8/0612']","['B60K6/32 (CN)', 'H01M8/0618 (CN)', 'H01M2250/20 (CN)', 'Y02E60/50 (EP)', 'Y02T90/40 (EP)']",2018-07-06,2018-07-06,62719797,2018-07-06,,CN108258270A,,CN,,2018,2016,,GUANGDONG HYDROGEN ENERGY SCIENCE & TECH CO LTD,,Company - Limited,Unknown,9,2000.0,2000.0,5190.485829959514,5190.485829959514
35,Control method and system for charging other electric vehicles through hydrogen fuel cell electric vehicle,"XIANG HUA 
YANG WEITAO",CN110014885A,2017-11-29,"['B60L53/00', 'B60S5/06']","['B60L58/30 (CN)', 'B60S5/06 (CN)', 'Y02T10/70 (EP)', 'Y02T10/7072 (EP)', 'Y02T90/14 (EP)', 'Y02T90/16 (EP)']",2019-07-16,2019-07-16,67186521,2019-07-16,,CN110014885A,,CN,,2019,2017,,GUANGDONG HYDROGEN ENERGY SCIENCE & TECH CO LTD,,Company - Limited,Unknown,8,2000.0,2000.0,5190.485829959514,5190.485829959514
36,Charging hydrogenation load simulation method and device for electric vehicle and hydrogen fuel cell vehicle,"TIAN XUEQIN 
YANG HENG 
YUAN TIEJIANG 
YANG FUYUAN 
WANG XINLEI 
JI LI",CN115759606A,2022-11-11,"['G06Q10/04', 'G06Q10/0631', 'G06Q50/06']",['unkown)'],2023-03-07,2023-03-07,85369534,2023-03-07,,CN115759606A,,CN,,2023,2022,,UNIV DALIAN TECH ,"STATE GRID ECONOMIC AND TECH RESEARCH INSTITUTE CO LTD 
ELECTRIC POWER RES INST STATE GRID LIAONING ELECTRIC POWER CO LTD 
STATE GRID CORP CHINA",Technology Company,Company - Limited,3,4000.0,4000.0,5190.485829959514,5190.485829959514
37,FUEL CELL SYSTEM FOR CHARGING ELECTRIC VEHICLE BATTERIES,LEE WOONG MOO [KR],KR20160042488A,2014-10-10,"['B60K1/04', 'B60L11/18', 'H01M8/04', 'H01M8/06']","['B60L50/50 (KR)', 'B60L58/30 (KR)', 'H01M8/04089 (KR)', 'H01M8/04201 (KR)', 'H01M8/04947 (KR)', 'H01M8/0618 (KR)', 'H01M8/0662 (KR)', 'H01M8/0687 (KR)', 'H01M2250/20 (KR)', 'Y02E60/50 (EP)', 'Y02T10/70 (EP)', 'Y02T90/40 (EP)']",2016-04-20,2016-04-20,55917282,2016-04-20,,KR20160042488A,,KR,,2016,2014,KR,PAHPS [KR],,Individual Inventor,Unknown,11,7000.0,7000.0,5190.485829959514,5190.485829959514
38,Charging and water replenishing station for electric vehicle,"SUN YIFEI 
CAI JIABIN",CN217969303U,2022-07-25,"['B60L53/31', 'B60L53/53', 'B60L53/54', 'H02J7/00']",['unkown)'],2022-12-06,2022-12-06,84282245,2022-12-06,,CN217969303U,,CN,,2022,2022,,XIAMEN GULUOPU TECH CO LTD,,Company - Limited,Unknown,3,4000.0,4000.0,5190.485829959514,5190.485829959514
39,Mobile charging system for electric vehicle,XIANG HUA,CN106026340A,2016-06-17,"['H02J7/00', 'H02J7/35', 'H02S10/10', 'H02S10/12']","['H02J7/0063 (CN)', 'H02J7/35 (CN)', 'H02S10/10 (CN)', 'H02S10/12 (CN)', 'H02J2207/40 (CN)', 'Y02E10/50 (EP)']",2016-10-12,2016-10-12,57088718,2016-10-12,,CN106026340A,,CN,,2016,2016,,SHANGHAI HYDROGEN MOBILE REFORMER INSTR CO LTD,,Company - Limited,Unknown,9,2000.0,2000.0,5190.485829959514,5190.485829959514
40,ELECTRIC VEHICLE CHARGING SYSTEM HAVING MOBILE CHARGER USING HYDROGEN FUEL CELL,"YOO JAE SIK [KR] 
CHOI SEONG HOON [KR]",WO2023195813A1,2022-04-08,"['B60L53/16', 'B60L53/24', 'B60L53/35', 'B60L53/54']","['B60L53/16 (EP,KR)', 'B60L53/24 (EP,KR)', 'B60L53/35 (EP,KR)', 'B60L53/54 (EP,KR)', 'B60Y2200/91 (KR)', 'Y02E60/50 (KR)', 'Y02T90/12 (KR)', 'Y02T90/14 (KR)', 'Y02T90/40 (KR)']",2023-10-12,2023-10-12,88243281,2023-10-12,,WO2023195813A1,,WO,,2023,2022,KR,INFINITE KOREA INC [KR],,Company - Incorporated/Corporation,Unknown,3,12000.0,12000.0,5190.485829959514,5190.485829959514
41,Mobile electric vehicle charging system,"ZHANG RUIFENG 
WANG HAIFAN 
WU JIN 
ZHANG RUIJIE",CN106696746A,2017-01-19,"['B60L11/18', 'H02J7/00']","['B60L53/00 (CN)', 'B60L53/51 (CN)', 'B60L53/53 (CN)', 'B60L53/54 (CN)', 'H02J7/0027 (CN)', 'H02J7/0068 (CN)', 'Y02T10/70 (EP)', 'Y02T10/7072 (EP)', 'Y02T10/72 (EP)', 'Y02T90/12 (EP)', 'Y02T90/14 (EP)']",2017-05-24,2017-05-24,58909017,2017-05-24,,CN106696746A,,CN,,2017,2017,,DONGGUAN QINGXIN NEW ENERGY CO LTD,,Company - Limited,Unknown,8,2000.0,2000.0,5190.485829959514,5190.485829959514
42,Mobile charging vehicle based on hydrogen fuel battery pack charging,"ZHANG XIA 
SADAMASA TATSUTAKA 
ZHANG DUO",CN221914114U,2023-12-07,"['B60L53/54', 'B60P3/00']",['unkown)'],2024-10-29,2024-10-29,93195451,2024-10-29,,CN221914114U,,CN,,2024,2023,,INNER MONGOLIA YUANSU MENGTAI INTELLIGENT HYDROGEN ELECTRIC COMMERCIAL VEHICLE CO LTD,,Company - Limited,Unknown,2,4000.0,4000.0,5190.485829959514,5190.485829959514
43,Vehicle electric battery charging system,JULIAN MENASHE [BS],GB2631101A,2023-06-19,"['B60L53/66', 'B60L53/68']","['B60L50/10 (EP)', 'B60L50/50 (EP)', 'B60L50/75 (EP)', 'B60L53/65 (EP)', 'B60L53/66 (GB)', 'B60L53/665 (EP)', 'B60L53/67 (EP)', 'B60L53/68 (EP,GB)', 'B60L7/10 (EP)', 'B60L2240/12 (EP)', 'B60L2240/622 (EP)', 'B60L2240/70 (GB)', 'Y02T10/70 (EP)', 'Y02T10/7072 (EP)', 'Y02T90/10 (GB)', 'Y02T90/12 (EP)', 'Y02T90/16 (EP,GB)']",2024-12-25,2024-12-25,91738186,2024-12-25,,GB2631101A,,GB,,2024,2023,BS,JULIAN MENASHE [BS],,Individual Inventor,Unknown,2,1000.0,1000.0,5190.485829959514,5190.485829959514
44,Apparatus for controlling charging of a storage battery for use on an electric vehicle,HOTTA YOSHIHIKO [JP],US5686812A,1995-02-06,"['H01M10/46', 'B60L1/00', 'B60L11/18', 'H02J7/00', 'H02J7/34']","['B60L1/003 (EP,US)', 'B60L1/02 (EP,US)', 'B60L3/0046 (US)', 'B60L53/14 (EP,US)', 'B60L53/22 (EP,US)', 'B60L58/14 (EP,US)', 'B60L58/15 (EP,US)', 'B60L58/26 (EP,US)', 'B60L58/27 (EP,US)', 'H02J7/0031 (EP,US)', 'H02J7/0068 (EP,US)', 'B60L2210/10 (EP,US)', 'B60L2210/30 (EP,US)', 'B60L2210/40 (EP,US)', 'B60L2240/545 (EP,US)', 'B60L2240/547 (EP,US)', 'B60L2240/549 (EP,US)', 'B60L2250/16 (EP,US)', 'B60L2260/22 (EP,US)', 'B60L2260/54 (EP,US)', 'Y02T10/70 (EP,US)', 'Y02T10/7072 (EP,US)', 'Y02T10/72 (EP,US)', 'Y02T90/12 (US)', 'Y02T90/14 (EP,US)', 'Y10S320/10 (EP,US)', 'Y10S320/11 (EP,US)']",1997-11-11,1996-08-20,11966471,1997-11-11,,US5686812A,,US,,1997,1995,JP,HONDA MOTOR CO LTD [JP],,Company - Limited,Unknown,30,16000.0,16000.0,5190.485829959514,5190.485829959514
45,"COMBINED HYDROGEN FUEL CELL FOR VEHICLE FUELING, ELECTRIC VEHICLE FAST CHARGING AND FUEL CELL BACK-UP POWER FORECOURT","VOLK JAMES JOSEPH [US] 
WENCK JAMES M [US] 
TAYLOR FRED [CA]",US2022227247A1,2021-01-21,"['B60L50/70', 'B60L53/10', 'B60L53/54', 'H01M8/04082']","['B60L50/70 (US)', 'B60L53/11 (EP)', 'B60L53/51 (EP)', 'B60L53/52 (EP)', 'B60L53/54 (EP,US)', 'H01M8/04201 (EP,US)', 'H01M8/0656 (EP)', 'C25B1/04 (EP,US)', 'C25B15/00 (EP)', 'H01M2250/20 (EP,US)', 'H01M2250/402 (EP,US)', 'Y02E60/36 (EP)', 'Y02E60/50 (EP)', 'Y02T10/70 (EP)', 'Y02T10/7072 (EP)', 'Y02T90/12 (EP)', 'Y02T90/40 (EP)']",2022-07-21,2022-07-21,82406830,2022-07-21,,US2022227247A1,,US,,2022,2021,US,GHD INC [US],,Company - Incorporated/Corporation,Unknown,4,3500.0,3500.0,5190.485829959514,5190.485829959514
